feature_name,num_repos,num_still_present,num_retired,min_first_seen_date,max_first_seen_date,min_last_seen_date,max_last_seen_date,avg_lifetime_days,median_lifetime_days
Serde,2,0,2,2017-10-22T22:46:17+00:00,2017-10-22T22:57:00+00:00,2019-05-06T16:57:57+00:00,2019-05-06T17:25:47+00:00,560.00,560.00
_preview,1,0,1,2018-07-31T14:28:07+00:00,2018-07-31T14:28:07+00:00,2018-09-18T21:05:04+00:00,2018-09-18T21:05:04+00:00,49.00,49.00
a,2,0,2,2017-10-22T22:46:17+00:00,2017-10-22T22:57:00+00:00,2019-05-06T16:57:57+00:00,2019-05-06T17:25:47+00:00,560.00,560.00
aarch64_target_feature,1,0,1,2021-05-17T16:19:28+00:00,2021-05-17T16:19:28+00:00,,,,
abi_thiscall,1,1,0,2017-10-09T23:43:01+00:00,2017-10-09T23:43:01+00:00,2025-11-28T16:32:05+00:00,2025-11-28T16:32:05+00:00,2971.00,2971.00
abi_vectorcall,2,2,0,2022-03-15T02:39:58+00:00,2022-03-18T03:36:51+00:00,2025-11-14T18:59:47+00:00,2025-11-28T16:32:05+00:00,1345.50,1345.50
abi_x86_interrupt,1,1,0,2021-09-19T20:01:59+00:00,2021-09-19T20:01:59+00:00,2024-02-05T18:35:06+00:00,2024-02-05T18:35:06+00:00,868.00,868.00
alloc,19,1,18,2015-01-30T22:04:52+00:00,2019-06-10T17:19:00+00:00,2015-04-04T06:45:34+00:00,2021-07-10T23:33:11+00:00,567.71,491.00
alloc_error_handler,10,7,3,2018-07-11T13:40:33+00:00,2025-02-07T18:18:34+00:00,2019-09-04T23:00:11+00:00,2025-11-29T17:26:15+00:00,1215.00,1271.00
alloc_error_hook,1,1,0,2022-12-16T07:16:43+00:00,2022-12-16T07:16:43+00:00,2025-11-27T11:08:37+00:00,2025-11-27T11:08:37+00:00,1077.00,1077.00
alloc_layout_extra,2,2,0,2021-04-30T23:23:30+00:00,2025-01-20T10:52:42+00:00,2025-09-25T23:20:59+00:00,2025-11-27T11:08:37+00:00,959.50,959.50
alloc_prelude,2,1,1,2019-03-20T15:50:55+00:00,2021-04-30T23:23:30+00:00,2025-09-25T23:20:59+00:00,2025-09-25T23:20:59+00:00,1608.00,1608.00
alloc_system,1,0,1,2015-09-13T18:16:53+00:00,2015-09-13T18:16:53+00:00,2015-09-14T04:43:02+00:00,2015-09-14T04:43:02+00:00,0.00,0.00
allocator_api,14,9,5,2017-07-08T20:57:02+00:00,2025-06-18T18:04:20+00:00,2018-06-13T15:03:43+00:00,2025-11-29T03:34:05+00:00,602.15,501.00
allocator_internals,1,1,0,2021-04-30T23:23:30+00:00,2021-04-30T23:23:30+00:00,2025-09-25T23:20:59+00:00,2025-09-25T23:20:59+00:00,1608.00,1608.00
allow_internal_unstable,1,1,0,2021-04-30T23:23:30+00:00,2021-04-30T23:23:30+00:00,2025-09-25T23:20:59+00:00,2025-09-25T23:20:59+00:00,1608.00,1608.00
anonymous_lifetime_in_impl_trait,1,1,0,2022-09-28T13:41:30+00:00,2022-09-28T13:41:30+00:00,2025-11-27T11:08:37+00:00,2025-11-27T11:08:37+00:00,1155.00,1155.00
append,2,1,1,2015-09-13T14:15:38+00:00,2015-09-13T16:05:07+00:00,2015-09-19T18:54:25+00:00,2018-10-18T13:29:46+00:00,568.00,568.00
arbitrary_enum_discriminant,1,0,1,2022-03-04T19:57:56+00:00,2022-03-04T19:57:56+00:00,2023-01-07T00:01:15+00:00,2023-01-07T00:01:15+00:00,308.00,308.00
arbitrary_self_types,7,3,4,2018-02-16T00:35:28+00:00,2023-05-22T16:28:16+00:00,2019-09-19T06:27:18+00:00,2025-11-27T11:08:37+00:00,705.60,338.00
arc_new_cyclic,2,1,1,2021-04-30T23:23:30+00:00,2021-07-05T01:00:37+00:00,2022-03-09T08:26:37+00:00,2025-09-25T23:20:59+00:00,927.50,927.50
array_chunks,2,1,1,2021-04-30T23:23:30+00:00,2024-04-26T14:24:21+00:00,2024-09-14T19:51:44+00:00,2025-09-25T23:20:59+00:00,874.50,874.50
array_map,1,0,1,2021-06-25T10:27:14+00:00,2021-06-25T10:27:14+00:00,2021-07-24T05:24:31+00:00,2021-07-24T05:24:31+00:00,28.00,28.00
array_methods,1,1,0,2021-04-30T23:23:30+00:00,2021-04-30T23:23:30+00:00,2025-09-25T23:20:59+00:00,2025-09-25T23:20:59+00:00,1608.00,1608.00
array_try_map,1,0,1,2023-05-22T16:28:16+00:00,2023-05-22T16:28:16+00:00,2023-05-22T17:12:07+00:00,2023-05-22T17:12:07+00:00,0.00,0.00
array_windows,1,1,0,2021-04-30T23:23:30+00:00,2021-04-30T23:23:30+00:00,2025-09-25T23:20:59+00:00,2025-09-25T23:20:59+00:00,1608.00,1608.00
asm,11,3,8,2016-08-24T22:23:24+00:00,2024-01-28T07:56:52+00:00,2017-11-25T01:19:14+00:00,2025-10-11T22:28:52+00:00,965.09,606.00
asm_const,1,0,1,2022-01-08T20:40:52+00:00,2022-01-08T20:40:52+00:00,2022-03-19T14:08:52+00:00,2022-03-19T14:08:52+00:00,69.00,69.00
asm_experimental_arch,2,2,0,2023-09-25T14:09:17+00:00,2024-12-05T20:03:54+00:00,2025-11-24T10:24:25+00:00,2025-11-29T16:36:13+00:00,574.00,574.00
asm_sym,1,0,1,2021-11-11T19:45:01+00:00,2021-11-11T19:45:01+00:00,,,,
assert_matches,2,1,1,2022-06-12T21:31:39+00:00,2022-06-20T07:24:04+00:00,2022-06-12T21:42:35+00:00,2025-11-27T11:08:37+00:00,628.00,628.00
assoc_unix_epoch,1,0,1,2018-06-19T21:29:56+00:00,2018-06-19T21:29:56+00:00,2018-07-08T19:48:50+00:00,2018-07-08T19:48:50+00:00,18.00,18.00
associated_const_equality,1,0,1,2024-05-21T14:41:57+00:00,2024-05-21T14:41:57+00:00,2024-06-13T10:48:22+00:00,2024-06-13T10:48:22+00:00,22.00,22.00
associated_consts,1,0,1,2015-12-29T08:28:06+00:00,2015-12-29T08:28:06+00:00,2016-10-17T04:40:57+00:00,2016-10-17T04:40:57+00:00,292.00,292.00
associated_type_bounds,4,1,3,2019-10-17T14:56:01+00:00,2023-02-28T11:21:10+00:00,2019-10-25T16:42:19+00:00,2025-09-25T23:20:59+00:00,796.25,784.50
associated_type_defaults,1,1,0,2022-01-26T11:28:52+00:00,2022-01-26T11:28:52+00:00,2025-11-27T11:08:37+00:00,2025-11-27T11:08:37+00:00,1400.00,1400.00
associated_types,24,0,24,2015-01-03T14:34:04+00:00,2015-01-06T13:39:06+00:00,2015-01-06T23:24:24+00:00,2015-01-13T01:50:59+00:00,3.22,3.00
async,1,0,1,2019-08-09T22:25:23+00:00,2019-08-09T22:25:23+00:00,2019-12-17T20:11:49+00:00,2019-12-17T20:11:49+00:00,129.00,129.00
async_await,20,0,20,2018-07-02T20:37:39+00:00,2019-12-30T17:10:07+00:00,2019-08-21T09:53:42+00:00,2020-01-06T18:05:25+00:00,115.33,85.00
async_closure,5,2,3,2019-08-19T23:35:01+00:00,2024-03-29T18:51:03+00:00,2019-10-18T22:16:07+00:00,2024-07-14T21:58:48+00:00,91.40,103.00
async_fn_in_trait,1,0,1,2023-07-04T22:16:32+00:00,2023-07-04T22:16:32+00:00,2024-07-26T09:57:55+00:00,2024-07-26T09:57:55+00:00,387.00,387.00
async_fn_traits,1,1,0,2024-03-29T18:51:03+00:00,2024-03-29T18:51:03+00:00,2024-07-14T21:58:48+00:00,2024-07-14T21:58:48+00:00,107.00,107.00
async_iterator,1,0,1,2022-10-25T13:14:19+00:00,2022-10-25T13:14:19+00:00,2022-10-25T13:14:19+00:00,2022-10-25T13:14:19+00:00,0.00,0.00
async_stream,2,1,1,2021-04-30T23:23:30+00:00,2021-08-30T13:51:37+00:00,2021-08-30T13:51:37+00:00,2025-09-25T23:20:59+00:00,804.00,804.00
attr_literals,3,0,3,2017-07-31T06:37:37+00:00,2018-06-30T18:12:22+00:00,2017-10-26T18:54:34+00:00,2018-10-27T15:17:37+00:00,82.00,116.00
augmented_assignments,3,0,3,2015-12-14T07:03:05+00:00,2016-02-02T10:54:54+00:00,2016-04-20T17:28:41+00:00,2016-09-05T23:52:47+00:00,156.50,156.50
auto_traits,4,3,1,2020-12-09T18:35:40+00:00,2023-11-23T11:20:38+00:00,2020-12-09T20:21:09+00:00,2025-11-29T23:16:32+00:00,747.00,690.00
avx512_target_feature,1,0,1,2020-11-16T21:13:25+00:00,2020-11-16T21:13:25+00:00,2022-06-12T17:09:02+00:00,2022-06-12T17:09:02+00:00,572.00,572.00
await,1,0,1,2019-08-09T22:25:23+00:00,2019-08-09T22:25:23+00:00,2019-12-17T20:11:49+00:00,2019-12-17T20:11:49+00:00,129.00,129.00
await_macro,4,0,4,2018-07-02T20:37:39+00:00,2019-04-20T02:15:29+00:00,2019-06-12T06:44:53+00:00,2019-06-12T06:44:53+00:00,173.00,173.00
backtrace,10,1,9,2019-10-05T03:13:55+00:00,2022-06-18T21:53:42+00:00,2022-05-28T14:32:56+00:00,2025-11-20T18:02:42+00:00,907.00,1056.00
backtrace_frames,1,1,0,2022-11-21T11:53:20+00:00,2022-11-21T11:53:20+00:00,2025-11-27T11:08:37+00:00,2025-11-27T11:08:37+00:00,1101.00,1101.00
bench_black_box,1,0,1,2021-07-05T12:51:09+00:00,2021-07-05T12:51:09+00:00,2023-03-30T08:06:02+00:00,2023-03-30T08:06:02+00:00,632.00,632.00
binary_heap_as_slice,2,1,1,2021-04-30T23:23:30+00:00,2023-10-12T03:54:20+00:00,2024-07-23T14:49:32+00:00,2025-09-25T23:20:59+00:00,946.50,946.50
binary_heap_drain_sorted,1,1,0,2021-04-30T23:23:30+00:00,2021-04-30T23:23:30+00:00,2025-09-25T23:20:59+00:00,2025-09-25T23:20:59+00:00,1608.00,1608.00
binary_heap_into_iter_sorted,1,1,0,2021-04-30T23:23:30+00:00,2021-04-30T23:23:30+00:00,2025-09-25T23:20:59+00:00,2025-09-25T23:20:59+00:00,1608.00,1608.00
binary_heap_retain,1,1,0,2021-04-30T23:23:30+00:00,2021-04-30T23:23:30+00:00,2025-09-25T23:20:59+00:00,2025-09-25T23:20:59+00:00,1608.00,1608.00
bind_by_move_pattern_guards,1,0,1,2019-12-02T19:36:42+00:00,2019-12-02T19:36:42+00:00,2019-12-03T16:48:16+00:00,2019-12-03T16:48:16+00:00,0.00,0.00
bool_to_option,1,0,1,2022-01-15T15:06:22+00:00,2022-01-15T15:06:22+00:00,2022-05-23T12:52:13+00:00,2022-05-23T12:52:13+00:00,127.00,127.00
borrow_state,1,0,1,2016-05-04T17:31:11+00:00,2016-05-04T17:31:11+00:00,2016-07-10T21:00:39+00:00,2016-07-10T21:00:39+00:00,67.00,67.00
box_into_inner,2,2,0,2021-04-30T23:23:30+00:00,2023-01-11T14:37:39+00:00,2025-09-25T23:20:59+00:00,2025-11-27T11:08:37+00:00,1329.00,1329.00
box_into_pin,1,0,1,2019-03-20T15:50:55+00:00,2019-03-20T15:50:55+00:00,2019-03-20T15:50:55+00:00,2019-03-20T15:50:55+00:00,0.00,0.00
box_patterns,8,3,5,2015-04-05T19:43:44+00:00,2022-07-05T18:00:04+00:00,2015-09-08T18:23:07+00:00,2025-11-27T11:08:37+00:00,481.14,167.00
box_raw,2,0,2,2015-08-03T15:02:47+00:00,2015-08-09T11:06:23+00:00,2015-09-16T14:25:50+00:00,2015-09-16T14:25:50+00:00,43.00,43.00
box_syntax,13,2,11,2015-01-08T17:14:54+00:00,2023-03-17T09:34:52+00:00,2015-01-09T02:27:27+00:00,2025-09-25T23:20:59+00:00,286.25,30.00
btree_drain_filter,1,1,0,2021-04-30T23:23:30+00:00,2021-04-30T23:23:30+00:00,2025-09-25T23:20:59+00:00,2025-09-25T23:20:59+00:00,1608.00,1608.00
btreemap_alloc,1,0,1,2024-10-09T12:23:01+00:00,2024-10-09T12:23:01+00:00,,,,
buf_read_has_data_left,4,4,0,2021-07-18T02:33:41+00:00,2024-09-13T23:31:55+00:00,2024-06-24T16:28:50+00:00,2025-11-27T11:08:37+00:00,822.25,791.00
build_hasher_simple_hash_one,1,1,0,2022-08-10T05:55:01+00:00,2022-08-10T05:55:01+00:00,2025-11-21T02:04:40+00:00,2025-11-21T02:04:40+00:00,1198.00,1198.00
c_variadic,1,1,0,2023-08-02T19:40:42+00:00,2023-08-02T19:40:42+00:00,2025-11-22T17:51:53+00:00,2025-11-22T17:51:53+00:00,842.00,842.00
can_vector,1,1,0,2022-04-05T15:34:10+00:00,2022-04-05T15:34:10+00:00,2025-11-27T11:08:37+00:00,2025-11-27T11:08:37+00:00,1331.00,1331.00
catch_expr,1,0,1,2017-12-30T22:27:06+00:00,2017-12-30T22:27:06+00:00,2018-05-26T02:40:45+00:00,2018-05-26T02:40:45+00:00,146.00,146.00
catch_panic,1,0,1,2015-05-13T18:14:17+00:00,2015-05-13T18:14:17+00:00,2015-08-03T15:02:47+00:00,2015-08-03T15:02:47+00:00,81.00,81.00
cell_extras,1,0,1,2016-03-07T15:02:21+00:00,2016-03-07T15:02:21+00:00,2016-03-07T15:23:54+00:00,2016-03-07T15:23:54+00:00,0.00,0.00
cfg_sanitize,2,1,1,2021-04-30T23:23:30+00:00,2024-10-16T06:52:59+00:00,2024-12-18T22:36:13+00:00,2025-09-25T23:20:59+00:00,835.50,835.50
cfg_target_feature,5,0,5,2016-05-18T14:48:13+00:00,2018-02-12T15:44:30+00:00,2018-04-30T16:15:19+00:00,2019-01-18T22:19:20+00:00,317.00,410.00
cfg_target_has_atomic,3,1,2,2018-03-15T18:44:04+00:00,2021-04-30T23:23:30+00:00,2021-05-23T12:21:28+00:00,2025-09-25T23:20:59+00:00,1323.33,1433.00
cfg_target_vendor,1,0,1,2018-11-21T23:27:56+00:00,2018-11-21T23:27:56+00:00,2018-11-21T23:27:56+00:00,2018-11-21T23:27:56+00:00,0.00,0.00
checked_duration_since,1,0,1,2019-10-03T06:50:14+00:00,2019-10-03T06:50:14+00:00,2019-12-01T15:19:39+00:00,2019-12-01T15:19:39+00:00,59.00,59.00
clone_closures,1,0,1,2017-10-12T07:33:19+00:00,2017-10-12T07:33:19+00:00,,,,
coerce_unsized,1,1,0,2021-04-30T23:23:30+00:00,2021-04-30T23:23:30+00:00,2025-09-25T23:20:59+00:00,2025-09-25T23:20:59+00:00,1608.00,1608.00
collections,45,0,45,2015-01-29T14:03:56+00:00,2017-05-20T18:29:55+00:00,2015-02-03T15:02:44+00:00,2018-09-29T04:03:49+00:00,108.67,35.00
compiler,2,0,2,2017-10-22T22:46:17+00:00,2017-10-22T22:57:00+00:00,2019-05-06T16:57:57+00:00,2019-05-06T17:25:47+00:00,560.00,560.00
compiler_builtins_lib,4,0,4,2017-03-12T15:52:18+00:00,2025-02-07T18:18:34+00:00,2019-01-26T15:19:06+00:00,2025-02-07T18:18:34+00:00,194.33,89.00
concat_idents,3,0,3,2015-03-26T15:44:49+00:00,2018-08-21T18:29:36+00:00,2015-09-20T17:22:39+00:00,2020-06-18T09:15:36+00:00,340.67,178.00
conservative_impl_trait,10,0,10,2016-09-11T20:21:47+00:00,2018-03-15T20:06:23+00:00,2016-10-22T21:02:00+00:00,2020-10-02T08:16:35+00:00,204.29,55.00
const_align_of,1,0,1,2017-11-18T17:07:45+00:00,2017-11-18T17:07:45+00:00,2018-05-02T18:56:11+00:00,2018-05-02T18:56:11+00:00,165.00,165.00
const_atomic_ptr_new,1,0,1,2017-09-17T02:02:19+00:00,2017-09-17T02:02:19+00:00,2017-12-03T14:59:32+00:00,2017-12-03T14:59:32+00:00,77.00,77.00
const_atomic_u8_new,1,0,1,2017-09-17T02:02:19+00:00,2017-09-17T02:02:19+00:00,2017-12-03T14:59:32+00:00,2017-12-03T14:59:32+00:00,77.00,77.00
const_atomic_usize_new,1,0,1,2017-09-17T02:02:19+00:00,2017-09-17T02:02:19+00:00,2017-12-03T14:59:32+00:00,2017-12-03T14:59:32+00:00,77.00,77.00
const_btree_new,1,1,0,2021-04-30T23:23:30+00:00,2021-04-30T23:23:30+00:00,2025-09-25T23:20:59+00:00,2025-09-25T23:20:59+00:00,1608.00,1608.00
const_cell_new,1,0,1,2017-09-17T02:02:19+00:00,2017-09-17T02:02:19+00:00,2017-12-03T14:59:32+00:00,2017-12-03T14:59:32+00:00,77.00,77.00
const_cow_is_borrowed,1,1,0,2021-04-30T23:23:30+00:00,2021-04-30T23:23:30+00:00,2025-09-25T23:20:59+00:00,2025-09-25T23:20:59+00:00,1608.00,1608.00
const_cstr_methods,1,0,1,2023-03-05T07:32:38+00:00,2023-03-05T07:32:38+00:00,2023-03-05T11:43:45+00:00,2023-03-05T11:43:45+00:00,0.00,0.00
const_evaluatable_checked,2,0,2,2021-06-16T03:15:23+00:00,2021-07-03T06:02:27+00:00,2021-06-21T01:06:21+00:00,2021-07-03T22:59:41+00:00,2.00,2.00
const_extern_fn,1,0,1,2019-10-28T00:59:38+00:00,2019-10-28T00:59:38+00:00,2024-01-08T08:13:44+00:00,2024-01-08T08:13:44+00:00,1533.00,1533.00
const_fmt_arguments_new,1,0,1,2022-07-21T17:45:38+00:00,2022-07-21T17:45:38+00:00,2024-12-09T07:11:01+00:00,2024-12-09T07:11:01+00:00,871.00,871.00
const_fn,23,2,21,2015-06-21T22:35:01+00:00,2021-04-30T23:23:30+00:00,2015-09-22T18:49:32+00:00,2025-09-25T23:20:59+00:00,397.35,273.50
const_fn_floating_point_arithmetic,2,0,2,2024-01-02T07:03:47+00:00,2024-01-24T12:42:39+00:00,2024-10-15T02:15:05+00:00,2024-12-09T07:11:01+00:00,303.00,303.00
const_fn_trait_bound,1,0,1,2021-04-30T23:23:30+00:00,2021-04-30T23:23:30+00:00,,,,
const_generics,3,0,3,2020-03-17T20:37:31+00:00,2021-07-03T06:02:27+00:00,2021-06-21T01:06:21+00:00,2021-07-03T22:59:41+00:00,2.00,2.00
const_generics_defaults,1,0,1,2021-04-27T14:03:49+00:00,2021-04-27T14:03:49+00:00,2021-12-13T02:08:39+00:00,2021-12-13T02:08:39+00:00,229.00,229.00
const_intrinsic_copy,1,0,1,2022-05-05T14:56:19+00:00,2022-05-05T14:56:19+00:00,2025-02-04T21:07:30+00:00,2025-02-04T21:07:30+00:00,1006.00,1006.00
const_maybe_uninit_as_mut_ptr,1,0,1,2022-09-07T09:56:14+00:00,2022-09-07T09:56:14+00:00,2024-12-09T07:11:01+00:00,2024-12-09T07:11:01+00:00,823.00,823.00
const_mut_refs,3,1,2,2021-09-19T20:01:59+00:00,2022-09-07T09:56:14+00:00,2024-02-05T18:35:06+00:00,2025-02-04T21:07:30+00:00,899.00,868.00
const_nonnull_new,2,2,0,2024-07-10T19:57:36+00:00,2024-07-10T19:57:47+00:00,2024-07-17T06:20:30+00:00,2025-08-21T16:33:41+00:00,206.00,206.00
const_option,3,2,1,2022-09-08T06:59:58+00:00,2024-07-10T19:57:47+00:00,2024-07-17T06:20:30+00:00,2025-08-21T16:33:41+00:00,411.67,406.00
const_pin,1,1,0,2021-07-02T14:45:56+00:00,2021-07-02T14:45:56+00:00,2021-07-20T14:08:54+00:00,2021-07-20T14:08:54+00:00,17.00,17.00
const_precise_live_drops,1,1,0,2022-04-17T07:39:54+00:00,2022-04-17T07:39:54+00:00,2025-11-28T03:45:07+00:00,2025-11-28T03:45:07+00:00,1320.00,1320.00
const_ptr_as_ref,2,0,2,2024-07-10T19:57:36+00:00,2024-07-10T19:57:47+00:00,2024-07-17T06:20:30+00:00,2024-07-17T06:34:08+00:00,6.00,6.00
const_ptr_null,1,0,1,2017-09-19T12:03:03+00:00,2017-09-19T12:03:03+00:00,2018-02-21T17:23:58+00:00,2018-02-21T17:23:58+00:00,155.00,155.00
const_ptr_null_mut,2,0,2,2017-09-17T02:02:19+00:00,2017-09-19T12:03:03+00:00,2017-12-03T14:59:32+00:00,2018-02-21T17:23:58+00:00,116.00,116.00
const_raw_ptr_to_usize_cast,1,0,1,2018-12-02T14:58:49+00:00,2018-12-02T14:58:49+00:00,,,,
const_size_of,2,0,2,2017-09-19T12:03:03+00:00,2017-11-24T20:00:55+00:00,2017-12-03T14:59:32+00:00,2018-05-01T20:59:49+00:00,116.00,116.00
const_trait_impl,1,1,0,2021-04-30T13:41:17+00:00,2021-04-30T13:41:17+00:00,2025-10-27T15:31:22+00:00,2025-10-27T15:31:22+00:00,1641.00,1641.00
const_try,1,1,0,2022-07-21T17:45:38+00:00,2022-07-21T17:45:38+00:00,2025-11-27T11:08:37+00:00,2025-11-27T11:08:37+00:00,1224.00,1224.00
const_type_name,1,1,0,2022-05-05T12:01:31+00:00,2022-05-05T12:01:31+00:00,2025-07-12T15:15:58+00:00,2025-07-12T15:15:58+00:00,1164.00,1164.00
const_unsafe_cell_new,2,0,2,2017-09-17T02:02:19+00:00,2017-09-19T12:03:03+00:00,2017-09-19T12:03:03+00:00,2017-12-03T14:59:32+00:00,38.50,38.50
const_vec_new,2,2,0,2019-11-03T12:22:51+00:00,2019-11-29T00:55:07+00:00,2023-01-10T16:08:58+00:00,2025-11-06T19:36:32+00:00,1666.50,1666.50
control_flow_enum,1,0,1,2021-04-10T14:07:01+00:00,2021-04-10T14:07:01+00:00,2021-04-10T14:15:03+00:00,2021-04-10T14:15:03+00:00,0.00,0.00
convert,14,0,14,2015-03-25T15:54:01+00:00,2015-04-14T09:19:34+00:00,2015-03-26T04:43:33+00:00,2015-06-17T05:31:34+00:00,18.77,8.00
core,68,0,68,2015-01-12T02:17:29+00:00,2015-11-02T23:10:37+00:00,2015-03-09T05:56:33+00:00,2019-01-02T23:46:10+00:00,107.80,54.50
core_float,2,0,2,2016-07-22T00:15:22+00:00,2018-04-25T20:22:43+00:00,2018-05-19T12:17:19+00:00,2018-05-19T12:17:19+00:00,666.00,666.00
core_intrinsics,17,4,13,2015-12-14T03:21:44+00:00,2024-01-31T17:59:27+00:00,2017-08-05T21:39:11+00:00,2025-11-27T11:08:37+00:00,884.88,621.50
core_io_borrowed_buf,1,0,1,2023-11-10T16:11:42+00:00,2023-11-10T16:11:42+00:00,2025-07-10T13:38:34+00:00,2025-07-10T13:38:34+00:00,607.00,607.00
core_panic_info,1,0,1,2018-08-01T15:04:04+00:00,2018-08-01T15:04:04+00:00,2021-12-01T08:24:53+00:00,2021-12-01T08:24:53+00:00,1217.00,1217.00
core_slice_ext,2,0,2,2015-09-29T19:20:33+00:00,2015-11-02T23:10:37+00:00,2016-03-06T04:05:10+00:00,2016-03-06T04:05:10+00:00,158.00,158.00
core_str_ext,1,0,1,2015-09-29T19:20:33+00:00,2015-09-29T19:20:33+00:00,2016-03-06T04:05:10+00:00,2016-03-06T04:05:10+00:00,158.00,158.00
coroutines,1,1,0,2023-11-10T08:27:00+00:00,2023-11-10T08:27:00+00:00,2025-11-27T11:08:37+00:00,2025-11-27T11:08:37+00:00,748.00,748.00
coverage_attribute,6,6,0,2024-02-09T16:20:19+00:00,2025-06-25T06:02:58+00:00,2025-06-04T02:12:54+00:00,2025-11-28T03:57:59+00:00,278.83,218.00
cow_is_borrowed,1,1,0,2021-04-30T23:23:30+00:00,2021-04-30T23:23:30+00:00,2025-09-25T23:20:59+00:00,2025-09-25T23:20:59+00:00,1608.00,1608.00
crate_in_paths,1,0,1,2018-05-09T20:03:42+00:00,2018-05-09T20:03:42+00:00,,,,
crate_visibility_modifier,2,0,2,2021-03-06T11:46:25+00:00,2021-04-26T15:02:33+00:00,2021-03-06T12:30:54+00:00,2022-05-22T08:52:43+00:00,195.00,195.00
crypto,1,0,1,2017-11-24T22:55:40+00:00,2017-11-24T22:55:40+00:00,2018-10-19T16:33:57+00:00,2018-10-19T16:33:57+00:00,328.00,328.00
cstr_memory,1,0,1,2015-06-20T09:11:53+00:00,2015-06-20T09:11:53+00:00,2015-10-03T08:11:42+00:00,2015-10-03T08:11:42+00:00,104.00,104.00
cstr_to_str,1,0,1,2015-08-27T08:34:57+00:00,2015-08-27T08:34:57+00:00,,,,
cursor_remaining,2,0,2,2022-11-09T15:14:47+00:00,2024-04-13T03:03:21+00:00,2024-06-16T21:26:10+00:00,2024-06-16T21:26:10+00:00,64.00,64.00
cursor_split,1,1,0,2024-12-09T07:11:01+00:00,2024-12-09T07:11:01+00:00,2025-11-27T11:08:37+00:00,2025-11-27T11:08:37+00:00,353.00,353.00
custom_attribute,13,2,11,2015-03-08T17:32:58+00:00,2019-01-24T23:47:28+00:00,2015-03-22T00:06:07+00:00,2020-03-29T21:42:52+00:00,400.00,7.00
custom_derive,27,4,23,2015-03-09T05:38:01+00:00,2018-04-14T09:23:54+00:00,2015-05-18T06:40:11+00:00,2022-11-16T19:47:31+00:00,397.67,249.00
custom_inner_attributes,5,1,4,2020-07-08T06:45:01+00:00,2025-04-11T11:27:31+00:00,2021-10-14T11:14:23+00:00,2025-11-03T15:28:41+00:00,895.25,904.50
custom_test_frameworks,3,3,0,2019-08-04T15:46:07+00:00,2021-09-19T20:01:59+00:00,2024-02-05T18:35:06+00:00,2025-11-29T20:59:42+00:00,1814.67,2267.00
debug_closure_helpers,1,1,0,2025-04-02T08:47:38+00:00,2025-04-02T08:47:38+00:00,2025-11-27T11:08:37+00:00,2025-11-27T11:08:37+00:00,239.00,239.00
decl_macro,7,3,4,2017-09-19T06:08:15+00:00,2025-04-19T17:31:29+00:00,2018-12-12T01:54:36+00:00,2025-09-25T23:20:59+00:00,653.86,144.00
default_free_fn,1,0,1,2023-07-28T06:36:15+00:00,2023-07-28T06:36:15+00:00,2023-11-10T08:27:00+00:00,2023-11-10T08:27:00+00:00,105.00,105.00
default_type_params,19,0,19,2014-05-29T22:20:00+00:00,2015-01-04T18:03:28+00:00,2014-06-20T00:28:30+00:00,2015-01-18T23:39:51+00:00,101.67,113.00
deprecated,1,0,1,2015-12-19T08:01:26+00:00,2015-12-19T08:01:26+00:00,2016-04-13T14:38:06+00:00,2016-04-13T14:38:06+00:00,116.00,116.00
derive_default_enum,1,0,1,2021-08-16T23:33:04+00:00,2021-08-16T23:33:04+00:00,2022-04-19T23:11:22+00:00,2022-04-19T23:11:22+00:00,245.00,245.00
destructuring_assignment,2,1,1,2021-04-05T22:12:19+00:00,2021-04-30T23:23:30+00:00,2022-01-28T00:46:17+00:00,2025-09-25T23:20:59+00:00,952.50,952.50
diagnostic_namespace,2,0,2,2023-09-29T07:07:56+00:00,2023-09-29T07:25:26+00:00,2024-03-14T20:19:03+00:00,2024-05-03T07:54:50+00:00,192.00,192.00
dispatch_from_dyn,1,1,0,2021-04-30T23:23:30+00:00,2021-04-30T23:23:30+00:00,2025-09-25T23:20:59+00:00,2025-09-25T23:20:59+00:00,1608.00,1608.00
doc_alias,1,0,1,2020-06-10T21:30:08+00:00,2020-06-10T21:30:08+00:00,2020-10-12T07:42:59+00:00,2020-10-12T07:42:59+00:00,123.00,123.00
doc_auto_cfg,71,20,51,2021-11-14T23:26:08+00:00,2025-10-03T05:53:49+00:00,2024-03-18T08:19:41+00:00,2025-11-29T16:36:13+00:00,624.44,631.00
doc_cfg,131,114,17,2019-01-18T22:19:39+00:00,2025-11-21T13:19:29+00:00,2021-10-28T22:18:25+00:00,2025-11-29T23:55:16+00:00,1182.48,1374.00
doc_cfg_hide,3,1,2,2021-10-26T12:08:11+00:00,2024-09-12T20:53:57+00:00,2021-11-23T10:29:57+00:00,2025-11-22T21:09:59+00:00,496.67,389.00
doc_notable_trait,1,1,0,2024-10-31T02:33:28+00:00,2024-10-31T02:33:28+00:00,2025-11-29T17:26:15+00:00,2025-11-29T17:26:15+00:00,394.00,394.00
dotdoteq_in_patterns,1,0,1,2017-12-26T03:10:52+00:00,2017-12-26T03:10:52+00:00,2018-01-07T09:01:10+00:00,2018-01-07T09:01:10+00:00,12.00,12.00
downcast_unchecked,1,1,0,2023-11-16T00:40:38+00:00,2023-11-16T00:40:38+00:00,2025-11-27T11:08:37+00:00,2025-11-27T11:08:37+00:00,742.00,742.00
drain,2,0,2,2015-08-07T01:08:03+00:00,2015-08-17T18:19:04+00:00,2015-09-08T18:23:07+00:00,2015-12-20T10:36:11+00:00,78.00,78.00
drain_filter,3,1,2,2021-04-30T23:23:30+00:00,2023-01-16T17:46:39+00:00,2022-10-12T12:05:08+00:00,2025-09-25T23:20:59+00:00,603.33,199.00
drop_types_in_const,1,0,1,2017-01-24T18:26:09+00:00,2017-01-24T18:26:09+00:00,2017-02-12T18:02:07+00:00,2017-02-12T18:02:07+00:00,18.00,18.00
dropck_eyepatch,2,2,0,2018-11-29T08:27:00+00:00,2021-04-30T23:23:30+00:00,2025-09-25T23:20:59+00:00,2025-11-16T20:52:28+00:00,2076.00,2076.00
duration,2,0,2,2015-07-27T16:57:59+00:00,2015-08-01T15:21:41+00:00,2015-11-11T14:03:07+00:00,2015-11-11T14:03:07+00:00,101.00,101.00
duration_checked_float,1,0,1,2022-03-02T04:31:15+00:00,2022-03-02T04:31:15+00:00,2022-11-16T08:54:06+00:00,2022-11-16T08:54:06+00:00,259.00,259.00
duration_constants,2,2,0,2019-06-20T20:38:06+00:00,2023-12-06T12:35:06+00:00,2020-12-08T21:11:32+00:00,2025-11-27T11:08:37+00:00,629.00,629.00
duration_constructors,2,2,0,2024-07-30T21:55:15+00:00,2024-08-14T00:18:31+00:00,2025-11-25T05:42:33+00:00,2025-11-27T11:08:37+00:00,476.00,476.00
duration_millis_float,1,1,0,2024-09-05T09:53:17+00:00,2024-09-05T09:53:17+00:00,2025-11-27T11:08:37+00:00,2025-11-27T11:08:37+00:00,448.00,448.00
duration_span,1,0,1,2015-08-20T06:02:11+00:00,2015-08-20T06:02:11+00:00,,,,
entry_insert,1,0,1,2020-11-24T13:11:41+00:00,2020-11-24T13:11:41+00:00,2020-12-05T09:52:14+00:00,2020-12-05T09:52:14+00:00,10.00,10.00
enumset,1,0,1,2016-05-03T15:26:43+00:00,2016-05-03T15:26:43+00:00,2016-05-10T00:23:41+00:00,2016-05-10T00:23:41+00:00,6.00,6.00
env,10,0,10,2015-02-05T13:56:06+00:00,2015-02-27T15:34:17+00:00,2015-02-27T23:34:13+00:00,2015-04-17T09:36:38+00:00,27.67,18.00
error_generic_member_access,8,7,1,2022-09-06T01:32:49+00:00,2024-11-17T17:28:48+00:00,2023-11-28T15:26:15+00:00,2025-11-25T19:30:07+00:00,693.88,641.00
error_in_core,3,2,1,2022-09-15T01:22:33+00:00,2023-07-05T11:34:58+00:00,2024-05-24T23:39:36+00:00,2025-11-24T17:35:44+00:00,767.00,767.00
exact_chunks,1,1,0,2018-07-29T00:12:22+00:00,2018-07-29T00:12:22+00:00,2019-08-23T17:20:24+00:00,2019-08-23T17:20:24+00:00,390.00,390.00
exact_size_is_empty,1,1,0,2021-04-30T23:23:30+00:00,2021-04-30T23:23:30+00:00,2025-09-25T23:20:59+00:00,2025-09-25T23:20:59+00:00,1608.00,1608.00
exclusive_range_pattern,1,1,0,2021-04-30T23:23:30+00:00,2021-04-30T23:23:30+00:00,2025-09-25T23:20:59+00:00,2025-09-25T23:20:59+00:00,1608.00,1608.00
exit_status,3,0,3,2015-03-22T22:56:08+00:00,2015-03-26T18:59:30+00:00,2015-03-23T01:30:48+00:00,2015-05-03T13:57:25+00:00,16.00,7.00
exit_status_error,1,1,0,2022-09-09T17:25:21+00:00,2022-09-09T17:25:21+00:00,2025-11-27T11:08:37+00:00,2025-11-27T11:08:37+00:00,1174.00,1174.00
extend_one,2,2,0,2021-04-30T23:23:30+00:00,2022-06-23T15:09:01+00:00,2025-09-25T23:20:59+00:00,2025-11-27T11:08:37+00:00,1430.00,1430.00
extended_compare_and_swap,1,0,1,2016-05-13T15:57:51+00:00,2016-05-13T15:57:51+00:00,2016-07-29T00:05:01+00:00,2016-07-29T00:05:01+00:00,76.00,76.00
extended_key_value_attributes,1,0,1,2021-06-23T20:28:50+00:00,2021-06-23T20:28:50+00:00,2023-10-21T16:21:52+00:00,2023-10-21T16:21:52+00:00,849.00,849.00
extern_crate_item_prelude,3,0,3,2018-11-01T08:40:56+00:00,2019-01-07T04:46:58+00:00,2018-12-02T01:09:21+00:00,2019-02-21T15:40:07+00:00,34.00,36.00
extern_prelude,2,0,2,2018-07-24T15:49:40+00:00,2018-09-12T22:59:56+00:00,2018-11-20T18:31:57+00:00,2019-01-03T19:29:46+00:00,115.50,115.50
extern_types,1,1,0,2018-01-30T22:09:16+00:00,2018-01-30T22:09:16+00:00,2020-05-02T18:11:58+00:00,2020-05-02T18:11:58+00:00,822.00,822.00
external_doc,11,1,10,2018-01-26T00:26:05+00:00,2020-11-15T11:24:54+00:00,2019-07-22T19:06:19+00:00,2021-12-24T17:10:02+00:00,608.36,576.00
f128,1,1,0,2024-06-19T03:24:29+00:00,2024-06-19T03:24:29+00:00,2025-11-18T04:20:33+00:00,2025-11-18T04:20:33+00:00,517.00,517.00
f16,1,1,0,2024-06-19T03:24:29+00:00,2024-06-19T03:24:29+00:00,2025-11-18T04:20:33+00:00,2025-11-18T04:20:33+00:00,517.00,517.00
file_type,1,0,1,2015-05-03T17:35:17+00:00,2015-05-03T17:35:17+00:00,2015-06-13T17:16:27+00:00,2015-06-13T17:16:27+00:00,40.00,40.00
filling_drop,1,0,1,2015-04-17T20:13:15+00:00,2015-04-17T20:13:15+00:00,2016-03-06T00:08:40+00:00,2016-03-06T00:08:40+00:00,323.00,323.00
float_bits_conv,2,0,2,2017-05-07T22:07:53+00:00,2017-06-22T05:40:12+00:00,2017-06-26T00:04:25+00:00,2018-03-18T02:15:11+00:00,158.50,158.50
float_extras,1,0,1,2015-09-13T14:15:38+00:00,2015-09-13T14:15:38+00:00,2015-09-19T18:54:25+00:00,2015-09-19T18:54:25+00:00,6.00,6.00
float_interpolation,1,0,1,2021-08-09T07:40:15+00:00,2021-08-09T07:40:15+00:00,2021-11-20T20:32:30+00:00,2021-11-20T20:32:30+00:00,103.00,103.00
float_next_up_down,1,0,1,2024-02-07T08:27:45+00:00,2024-02-07T08:27:45+00:00,2024-07-01T08:59:10+00:00,2024-07-01T08:59:10+00:00,145.00,145.00
fmt_internals,2,2,0,2021-04-30T23:23:30+00:00,2023-01-02T02:42:42+00:00,2025-09-25T23:20:59+00:00,2025-11-27T11:08:37+00:00,1334.00,1334.00
fn_must_use,1,0,1,2017-09-19T12:03:03+00:00,2017-09-19T12:03:03+00:00,,,,
fn_traits,4,2,2,2016-01-27T22:10:47+00:00,2025-04-19T14:34:54+00:00,2017-12-23T01:19:35+00:00,2025-09-25T23:20:59+00:00,575.75,347.50
fnbox,2,0,2,2015-08-03T15:02:47+00:00,2018-06-19T20:14:02+00:00,2015-09-08T18:23:07+00:00,2015-09-08T18:23:07+00:00,36.00,36.00
format_args_capture,1,0,1,2020-10-13T00:23:15+00:00,2020-10-13T00:23:15+00:00,2020-10-24T16:04:45+00:00,2020-10-24T16:04:45+00:00,11.00,11.00
format_args_nl,1,0,1,2024-08-09T15:08:13+00:00,2024-08-09T15:08:13+00:00,2024-08-09T18:24:24+00:00,2024-08-09T18:24:24+00:00,0.00,0.00
formatting_options,1,1,0,2025-04-10T23:25:25+00:00,2025-04-10T23:25:25+00:00,2025-11-27T11:08:37+00:00,2025-11-27T11:08:37+00:00,230.00,230.00
from_raw_os,1,0,1,2015-04-12T01:54:16+00:00,2015-04-12T01:54:16+00:00,,,,
frontmatter,1,1,0,2025-05-21T18:32:13+00:00,2025-05-21T18:32:13+00:00,2025-11-29T20:59:42+00:00,2025-11-29T20:59:42+00:00,192.00,192.00
fs,10,0,10,2015-02-14T11:54:00+00:00,2015-03-05T18:27:54+00:00,2015-03-25T22:18:13+00:00,2015-06-17T05:31:34+00:00,82.00,109.00
fs_ext,3,0,3,2015-04-02T23:28:53+00:00,2015-04-27T23:56:54+00:00,2015-04-02T23:28:53+00:00,2015-06-13T17:16:27+00:00,27.67,37.00
fs_read_write,1,0,1,2018-02-18T21:52:37+00:00,2018-02-18T21:52:37+00:00,2018-04-03T17:40:25+00:00,2018-04-03T17:40:25+00:00,43.00,43.00
fs_time,2,0,2,2015-03-14T18:24:25+00:00,2015-04-02T23:28:53+00:00,2015-03-14T18:24:25+00:00,2015-04-02T23:28:53+00:00,0.00,0.00
fs_try_exists,1,1,0,2023-03-13T05:36:23+00:00,2023-03-13T05:36:23+00:00,2023-03-13T06:24:32+00:00,2023-03-13T06:24:32+00:00,0.00,0.00
fs_walk,3,0,3,2015-03-25T22:18:13+00:00,2015-09-20T05:47:14+00:00,2015-04-02T23:28:53+00:00,2016-02-06T11:41:51+00:00,106.33,2.00
fundamental,1,1,0,2021-04-30T23:23:30+00:00,2021-04-30T23:23:30+00:00,2025-09-25T23:20:59+00:00,2025-09-25T23:20:59+00:00,1608.00,1608.00
futures_api,4,0,4,2018-06-14T04:29:36+00:00,2019-04-20T02:15:29+00:00,2019-01-11T06:59:27+00:00,2019-01-11T06:59:27+00:00,2.00,2.00
generator_trait,4,0,4,2017-05-17T03:56:49+00:00,2021-04-30T23:23:30+00:00,2018-01-15T01:33:18+00:00,2020-10-02T08:16:35+00:00,467.67,406.00
generators,4,1,3,2017-05-17T05:35:20+00:00,2023-10-07T06:22:59+00:00,2019-07-31T19:32:18+00:00,2021-11-19T05:12:47+00:00,682.33,805.00
generic_associated_types,5,0,5,2021-04-26T21:35:37+00:00,2022-03-31T16:30:04+00:00,2022-09-14T13:40:52+00:00,2022-10-11T19:46:13+00:00,348.60,385.00
generic_const_exprs,4,3,1,2022-05-05T14:56:19+00:00,2023-07-21T06:09:19+00:00,2023-04-19T20:54:45+00:00,2025-11-27T11:08:37+00:00,636.75,685.00
get_mut_unchecked,2,2,0,2021-04-30T23:23:30+00:00,2025-06-19T03:38:45+00:00,2025-09-25T23:20:59+00:00,2025-11-27T11:08:37+00:00,884.50,884.50
global_allocator,1,0,1,2018-01-08T15:48:45+00:00,2018-01-08T15:48:45+00:00,,,,
global_asm,3,0,3,2017-07-22T01:14:52+00:00,2018-12-02T14:58:49+00:00,2018-04-24T08:40:23+00:00,2023-03-19T23:06:26+00:00,779.00,493.00
globs,19,0,19,2014-05-15T16:33:42+00:00,2015-01-05T16:06:34+00:00,2015-01-03T11:04:23+00:00,2015-07-23T01:21:29+00:00,119.00,101.00
hash,18,0,18,2015-01-29T15:03:19+00:00,2015-02-14T11:54:00+00:00,2015-02-20T20:21:56+00:00,2015-03-25T16:11:09+00:00,31.33,21.00
hash_default,1,0,1,2016-10-16T18:29:53+00:00,2016-10-16T18:29:53+00:00,2017-01-13T15:55:47+00:00,2017-01-13T15:55:47+00:00,88.00,88.00
hash_drain_filter,1,0,1,2023-04-11T14:37:52+00:00,2023-04-11T14:37:52+00:00,2023-11-10T08:27:00+00:00,2023-11-10T08:27:00+00:00,212.00,212.00
hash_extract_if,1,0,1,2023-10-23T10:50:33+00:00,2023-10-23T10:50:33+00:00,2025-04-10T23:25:25+00:00,2025-04-10T23:25:25+00:00,535.00,535.00
hash_raw_entry,1,0,1,2021-06-27T15:35:23+00:00,2021-06-27T15:35:23+00:00,2025-04-10T23:25:25+00:00,2025-04-10T23:25:25+00:00,1383.00,1383.00
hasher_prefixfree_extras,2,2,0,2024-05-14T22:17:25+00:00,2024-09-25T12:51:44+00:00,2025-08-06T13:46:12+00:00,2025-11-28T09:01:10+00:00,438.00,438.00
hashmap_hasher,3,0,3,2015-09-19T18:39:39+00:00,2016-01-23T16:48:09+00:00,2015-09-20T17:22:39+00:00,2016-03-04T09:53:42+00:00,13.33,0.00
heap_api,2,1,1,2015-08-26T18:42:02+00:00,2016-09-01T19:09:56+00:00,2015-09-08T18:21:14+00:00,2017-05-31T19:04:07+00:00,141.50,141.50
i128,7,0,7,2017-03-29T11:47:05+00:00,2021-03-06T20:46:46+00:00,2018-05-12T22:57:52+00:00,2021-03-16T19:56:05+00:00,411.17,305.50
i128_type,17,0,17,2017-02-11T02:04:10+00:00,2021-03-06T20:46:46+00:00,2017-10-06T15:54:19+00:00,2021-03-16T19:56:05+00:00,473.36,435.00
if_let,6,0,6,2014-10-06T03:17:25+00:00,2014-11-24T22:05:09+00:00,2014-11-24T22:05:09+00:00,2014-12-10T18:30:36+00:00,31.67,24.50
if_let_guard,2,1,1,2022-11-11T10:20:56+00:00,2024-03-27T05:18:49+00:00,2022-11-21T09:11:35+00:00,2025-11-27T11:08:37+00:00,309.50,309.50
impl_trait_in_assoc_type,2,1,1,2023-06-25T08:41:54+00:00,2024-04-24T22:54:11+00:00,2024-09-09T20:52:07+00:00,2025-11-27T11:08:37+00:00,511.50,511.50
impl_trait_in_bindings,1,0,1,2019-03-11T17:08:39+00:00,2019-03-11T17:08:39+00:00,,,,
impl_trait_projections,1,0,1,2023-07-04T22:16:32+00:00,2023-07-04T22:16:32+00:00,2024-07-26T09:57:55+00:00,2024-07-26T09:57:55+00:00,387.00,387.00
in_band_lifetimes,1,0,1,2021-08-30T15:36:32+00:00,2021-08-30T15:36:32+00:00,2021-09-01T03:35:51+00:00,2021-09-01T03:35:51+00:00,1.00,1.00
inclusive_range,1,0,1,2017-01-23T09:45:54+00:00,2017-01-23T09:45:54+00:00,2017-01-23T09:45:54+00:00,2017-01-23T09:45:54+00:00,0.00,0.00
inherent_associated_types,1,1,0,2025-04-19T14:34:54+00:00,2025-04-19T14:34:54+00:00,2025-04-19T17:54:58+00:00,2025-04-19T17:54:58+00:00,0.00,0.00
inline_const,1,0,1,2022-05-05T12:01:31+00:00,2022-05-05T12:01:31+00:00,2022-05-05T14:56:19+00:00,2022-05-05T14:56:19+00:00,0.00,0.00
inner_deref,3,1,2,2020-09-18T03:10:02+00:00,2025-02-07T18:18:34+00:00,2024-12-17T21:45:02+00:00,2025-11-27T12:08:11+00:00,632.00,292.00
inplace_iteration,1,1,0,2021-04-30T23:23:30+00:00,2021-04-30T23:23:30+00:00,2025-09-25T23:20:59+00:00,2025-09-25T23:20:59+00:00,1608.00,1608.00
insert_str,1,0,1,2016-12-28T18:00:49+00:00,2016-12-28T18:00:49+00:00,2017-02-03T18:26:53+00:00,2017-02-03T18:26:53+00:00,37.00,37.00
int_roundings,2,1,1,2022-10-25T00:21:24+00:00,2023-02-15T08:50:43+00:00,2022-10-28T17:19:16+00:00,2025-11-27T11:08:37+00:00,509.50,509.50
int_uint,6,0,6,2015-01-08T16:02:23+00:00,2015-01-10T23:15:15+00:00,2015-01-09T02:49:08+00:00,2015-02-03T12:11:49+00:00,5.17,1.50
integer_atomics,5,2,3,2016-05-13T15:57:51+00:00,2025-01-26T19:53:45+00:00,2019-01-27T12:29:21+00:00,2025-11-29T03:34:05+00:00,658.50,626.50
internal_output_capture,1,0,1,2023-07-22T09:26:07+00:00,2023-07-22T09:26:07+00:00,2023-09-13T09:12:14+00:00,2023-09-13T09:12:14+00:00,52.00,52.00
into_boxed_c_str,1,0,1,2017-03-09T05:02:15+00:00,2017-03-09T05:02:15+00:00,2017-08-16T05:08:23+00:00,2017-08-16T05:08:23+00:00,160.00,160.00
into_cow,2,0,2,2015-03-25T21:48:27+00:00,2015-03-26T08:50:08+00:00,2015-04-03T08:48:59+00:00,2016-01-27T19:43:12+00:00,157.00,157.00
into_future,1,0,1,2022-02-25T09:37:16+00:00,2022-02-25T09:37:16+00:00,2022-07-19T14:28:16+00:00,2022-07-19T14:28:16+00:00,144.00,144.00
intra_doc_pointers,1,1,0,2021-04-30T23:23:30+00:00,2021-04-30T23:23:30+00:00,2025-09-25T23:20:59+00:00,2025-09-25T23:20:59+00:00,1608.00,1608.00
io,37,0,37,2015-01-29T14:03:56+00:00,2015-08-16T13:36:18+00:00,2015-02-21T19:04:30+00:00,2016-05-31T14:49:20+00:00,62.27,49.00
io_const_error,1,1,0,2025-10-15T04:19:28+00:00,2025-10-15T04:19:28+00:00,2025-11-27T11:08:37+00:00,2025-11-27T11:08:37+00:00,43.00,43.00
io_error_more,1,1,0,2024-04-13T03:03:21+00:00,2024-04-13T03:03:21+00:00,2025-11-21T14:52:42+00:00,2025-11-21T14:52:42+00:00,587.00,587.00
io_error_other,1,0,1,2022-01-21T08:04:35+00:00,2022-01-21T08:04:35+00:00,2023-11-10T08:27:00+00:00,2023-11-10T08:27:00+00:00,658.00,658.00
io_slice_advance,1,0,1,2020-04-22T21:16:26+00:00,2020-04-22T21:16:26+00:00,2024-09-14T12:18:31+00:00,2024-09-14T12:18:31+00:00,1605.00,1605.00
ip,2,0,2,2018-08-22T03:08:04+00:00,2022-01-11T20:24:14+00:00,2022-01-11T20:33:35+00:00,2022-01-11T20:33:35+00:00,0.00,0.00
ip_in_core,1,0,1,2023-07-21T07:02:25+00:00,2023-07-21T07:02:25+00:00,2024-01-23T14:19:13+00:00,2024-01-23T14:19:13+00:00,186.00,186.00
is_some_with,1,0,1,2022-09-02T08:23:20+00:00,2022-09-02T08:23:20+00:00,2022-11-03T16:23:20+00:00,2022-11-03T16:23:20+00:00,62.00,62.00
iter_advance_by,1,1,0,2022-02-09T00:57:32+00:00,2022-02-09T00:57:32+00:00,2025-11-27T11:08:37+00:00,2025-11-27T11:08:37+00:00,1387.00,1387.00
iter_arith,1,0,1,2015-06-21T00:36:54+00:00,2015-06-21T00:36:54+00:00,2015-11-27T22:08:41+00:00,2015-11-27T22:08:41+00:00,159.00,159.00
iter_array_chunks,1,0,1,2022-10-25T00:21:24+00:00,2022-10-25T00:21:24+00:00,2022-10-28T17:19:16+00:00,2022-10-28T17:19:16+00:00,3.00,3.00
iter_cmp,2,0,2,2015-06-21T00:36:54+00:00,2015-10-27T10:01:07+00:00,2015-11-12T16:32:14+00:00,2016-02-02T20:19:20+00:00,121.00,121.00
iter_collect_into,1,1,0,2023-03-04T07:16:22+00:00,2023-03-04T07:16:22+00:00,2025-11-27T11:08:37+00:00,2025-11-27T11:08:37+00:00,999.00,999.00
iter_intersperse,3,1,2,2022-04-02T22:42:02+00:00,2025-09-18T13:35:38+00:00,2024-06-02T18:31:30+00:00,2025-11-27T11:08:37+00:00,352.67,267.00
iter_iterate,1,0,1,2015-06-21T00:36:54+00:00,2015-06-21T00:36:54+00:00,2015-11-27T22:08:41+00:00,2015-11-27T22:08:41+00:00,159.00,159.00
iter_map_while,1,1,0,2021-04-30T23:23:30+00:00,2021-04-30T23:23:30+00:00,2025-09-25T23:20:59+00:00,2025-09-25T23:20:59+00:00,1608.00,1608.00
iter_map_windows,1,1,0,2024-09-21T04:59:05+00:00,2024-09-21T04:59:05+00:00,2025-11-27T11:08:37+00:00,2025-11-27T11:08:37+00:00,432.00,432.00
iter_next_chunk,2,1,1,2022-10-23T22:05:57+00:00,2024-03-30T05:23:48+00:00,2023-02-05T17:31:07+00:00,2025-11-27T11:08:37+00:00,355.50,355.50
iter_order_by,1,1,0,2022-10-04T03:04:59+00:00,2022-10-04T03:04:59+00:00,2025-11-27T11:08:37+00:00,2025-11-27T11:08:37+00:00,1150.00,1150.00
iter_zip,1,1,0,2021-04-30T23:23:30+00:00,2021-04-30T23:23:30+00:00,2025-09-25T23:20:59+00:00,2025-09-25T23:20:59+00:00,1608.00,1608.00
iterator_try_collect,3,3,0,2022-11-14T09:16:30+00:00,2025-09-15T22:18:56+00:00,2025-10-04T03:45:04+00:00,2025-11-27T11:08:37+00:00,675.33,899.00
iterator_try_reduce,2,1,1,2022-07-12T08:30:15+00:00,2023-05-22T16:28:16+00:00,2023-05-22T17:12:07+00:00,2025-11-27T11:08:37+00:00,617.00,617.00
js_globals,1,0,1,2018-07-08T15:57:19+00:00,2018-07-08T15:57:19+00:00,,,,
label_break_value,1,1,0,2020-02-17T18:12:35+00:00,2020-02-17T18:12:35+00:00,2020-10-01T20:43:23+00:00,2020-10-01T20:43:23+00:00,227.00,227.00
lang_items,15,5,10,2015-09-17T06:54:56+00:00,2025-02-07T18:18:34+00:00,2018-04-24T08:40:23+00:00,2025-11-29T20:59:42+00:00,1211.00,1252.00
layout_for_ptr,2,2,0,2021-04-30T23:23:30+00:00,2024-04-01T22:16:58+00:00,2025-09-25T23:20:59+00:00,2025-11-28T16:32:05+00:00,1106.50,1106.50
lazy_cell,1,0,1,2023-07-02T15:07:39+00:00,2023-07-02T15:07:39+00:00,2024-07-23T14:49:32+00:00,2024-07-23T14:49:32+00:00,386.00,386.00
let_chains,5,4,1,2020-07-06T18:59:32+00:00,2025-04-19T14:34:54+00:00,2020-10-06T09:36:22+00:00,2025-11-27T11:08:37+00:00,480.40,91.00
libc,16,1,15,2015-01-12T02:17:29+00:00,2017-07-23T16:58:31+00:00,2015-02-09T18:26:19+00:00,2021-01-28T18:13:15+00:00,180.22,33.00
likely_unlikely,1,1,0,2025-06-04T09:38:37+00:00,2025-06-04T09:38:37+00:00,2025-11-27T11:08:37+00:00,2025-11-27T11:08:37+00:00,176.00,176.00
link_args,1,0,1,2015-12-05T11:21:03+00:00,2015-12-05T11:21:03+00:00,2015-12-05T22:10:55+00:00,2015-12-05T22:10:55+00:00,0.00,0.00
link_cfg,2,1,1,2016-11-10T02:45:00+00:00,2023-10-31T21:53:51+00:00,2025-11-29T20:16:16+00:00,2025-11-29T20:16:16+00:00,3306.00,3306.00
link_llvm_intrinsics,4,0,4,2016-02-25T20:09:17+00:00,2020-05-08T16:29:26+00:00,2019-10-06T21:55:48+00:00,2020-05-12T23:35:49+00:00,661.50,661.50
linkage,3,0,3,2014-08-25T21:01:28+00:00,2017-09-19T14:39:14+00:00,2015-04-07T00:33:17+00:00,2019-01-26T15:10:36+00:00,375.00,407.00
linked_from,1,0,1,2015-09-11T04:26:09+00:00,2015-09-11T04:26:09+00:00,2015-09-11T05:09:43+00:00,2015-09-11T05:09:43+00:00,0.00,0.00
linked_list_remove,1,1,0,2021-04-30T23:23:30+00:00,2021-04-30T23:23:30+00:00,2025-09-25T23:20:59+00:00,2025-09-25T23:20:59+00:00,1608.00,1608.00
lint_reasons,1,0,1,2023-12-05T13:55:31+00:00,2023-12-05T13:55:31+00:00,2024-07-23T14:49:32+00:00,2024-07-23T14:49:32+00:00,231.00,231.00
llvm_asm,1,0,1,2020-04-28T20:11:31+00:00,2020-04-28T20:11:31+00:00,,,,
local_key_cell_methods,1,0,1,2023-06-22T11:31:56+00:00,2023-06-22T11:31:56+00:00,2023-08-28T07:55:35+00:00,2023-08-28T07:55:35+00:00,66.00,66.00
log_syntax,1,0,1,2016-02-26T21:34:16+00:00,2016-02-26T21:34:16+00:00,2016-03-19T20:50:10+00:00,2016-03-19T20:50:10+00:00,21.00,21.00
macro_attributes_in_derive_output,2,0,2,2021-05-01T09:09:10+00:00,2022-08-16T15:57:05+00:00,2021-10-01T12:11:17+00:00,2022-10-05T20:06:33+00:00,101.50,101.50
macro_reexport,3,0,3,2017-02-28T15:04:01+00:00,2018-02-08T18:20:34+00:00,2017-03-10T16:18:10+00:00,2018-06-02T09:01:00+00:00,75.50,75.50
macro_registrar,1,0,1,2014-06-25T07:48:20+00:00,2014-06-25T07:48:20+00:00,,,,
macro_rules,41,0,41,2014-04-01T12:39:17+00:00,2015-01-05T16:06:41+00:00,2014-08-11T08:27:29+00:00,2015-04-19T08:58:19+00:00,127.19,123.00
managed_boxes,2,0,2,2014-05-15T16:33:42+00:00,2014-06-25T07:48:20+00:00,2014-05-15T16:33:42+00:00,2014-05-15T16:33:42+00:00,0.00,0.00
manually_drop_take,1,0,1,2019-02-28T10:10:52+00:00,2019-02-28T10:10:52+00:00,2019-02-28T14:30:09+00:00,2019-02-28T14:30:09+00:00,0.00,0.00
map_first_last,2,1,1,2021-04-30T23:23:30+00:00,2022-10-11T07:31:10+00:00,2022-11-16T08:54:06+00:00,2025-09-25T23:20:59+00:00,822.00,822.00
map_in_place,1,0,1,2015-06-21T00:36:54+00:00,2015-06-21T00:36:54+00:00,2015-11-27T22:08:41+00:00,2015-11-27T22:08:41+00:00,159.00,159.00
map_into_keys_values,1,1,0,2021-04-30T23:23:30+00:00,2021-04-30T23:23:30+00:00,2025-09-25T23:20:59+00:00,2025-09-25T23:20:59+00:00,1608.00,1608.00
map_try_insert,2,2,0,2021-04-30T23:23:30+00:00,2024-04-13T03:03:21+00:00,2025-09-25T23:20:59+00:00,2025-11-21T14:52:42+00:00,1097.50,1097.50
mapped_lock_guards,1,1,0,2025-08-26T08:08:20+00:00,2025-08-26T08:08:20+00:00,2025-09-04T00:14:43+00:00,2025-09-04T00:14:43+00:00,8.00,8.00
marker_trait_attr,1,1,0,2019-09-26T06:54:10+00:00,2019-09-26T06:54:10+00:00,2025-11-12T13:37:02+00:00,2025-11-12T13:37:02+00:00,2239.00,2239.00
match_default_bindings,1,0,1,2018-02-26T08:49:28+00:00,2018-02-26T08:49:28+00:00,2018-03-08T23:10:30+00:00,2018-03-08T23:10:30+00:00,10.00,10.00
matches_macro,1,0,1,2020-07-30T20:53:30+00:00,2020-07-30T20:53:30+00:00,2020-07-30T20:56:12+00:00,2020-07-30T20:56:12+00:00,0.00,0.00
maybe_uninit,1,1,0,2018-11-14T14:41:24+00:00,2018-11-14T14:41:24+00:00,2018-11-14T20:15:15+00:00,2018-11-14T20:15:15+00:00,0.00,0.00
maybe_uninit_as_bytes,1,0,1,2022-10-21T02:09:20+00:00,2022-10-21T02:09:20+00:00,2022-10-21T14:10:44+00:00,2022-10-21T14:10:44+00:00,0.00,0.00
maybe_uninit_extra,1,1,0,2021-04-30T23:23:30+00:00,2021-04-30T23:23:30+00:00,2025-09-25T23:20:59+00:00,2025-09-25T23:20:59+00:00,1608.00,1608.00
maybe_uninit_ref,1,1,0,2021-04-30T23:23:30+00:00,2021-04-30T23:23:30+00:00,2025-09-25T23:20:59+00:00,2025-09-25T23:20:59+00:00,1608.00,1608.00
maybe_uninit_slice,3,3,0,2021-01-31T07:54:58+00:00,2022-04-05T15:34:10+00:00,2023-04-12T20:48:37+00:00,2025-11-27T11:08:37+00:00,1246.67,1331.00
maybe_uninit_uninit_array,3,3,0,2021-01-31T07:54:58+00:00,2022-10-21T02:09:20+00:00,2023-04-12T20:48:37+00:00,2025-11-24T18:27:28+00:00,1179.67,1130.00
maybe_uninit_uninit_array_transpose,1,1,0,2022-10-21T14:10:44+00:00,2022-10-21T14:10:44+00:00,2025-11-24T18:27:28+00:00,2025-11-24T18:27:28+00:00,1130.00,1130.00
metadata_ext,1,0,1,2015-05-03T17:35:17+00:00,2015-05-03T17:35:17+00:00,2015-06-13T17:16:27+00:00,2015-06-13T17:16:27+00:00,40.00,40.00
min_const_generics,1,0,1,2020-08-26T17:41:46+00:00,2020-08-26T17:41:46+00:00,2021-03-25T15:21:35+00:00,2021-03-25T15:21:35+00:00,210.00,210.00
min_specialization,7,4,3,2020-04-30T20:26:01+00:00,2025-02-07T18:18:34+00:00,2020-06-08T06:36:39+00:00,2025-11-29T16:36:13+00:00,871.83,950.00
min_type_alias_impl_trait,3,2,1,2021-04-26T21:35:37+00:00,2021-07-24T15:13:19+00:00,2021-10-12T17:38:02+00:00,2025-09-25T23:20:59+00:00,844.00,844.00
mixed_integer_ops,1,0,1,2022-01-21T08:04:35+00:00,2022-01-21T08:04:35+00:00,2022-02-14T07:56:22+00:00,2022-02-14T07:56:22+00:00,23.00,23.00
mpsc_select,3,0,3,2015-11-17T05:20:36+00:00,2018-11-05T00:12:49+00:00,2015-11-17T23:08:46+00:00,2019-05-21T08:16:39+00:00,98.50,98.50
naked_functions,3,1,2,2017-02-28T15:04:01+00:00,2018-12-02T01:16:00+00:00,2018-04-24T08:40:23+00:00,2025-05-11T08:38:25+00:00,1031.67,419.00
negative_impls,6,5,1,2020-12-09T18:35:40+00:00,2024-03-01T20:11:34+00:00,2020-12-09T20:21:09+00:00,2025-11-29T23:16:32+00:00,742.33,730.00
net,1,0,1,2015-02-25T07:01:57+00:00,2015-02-25T07:01:57+00:00,2015-03-20T15:33:42+00:00,2015-03-20T15:33:42+00:00,23.00,23.00
never_type,12,6,6,2017-06-09T20:57:32+00:00,2025-04-03T11:20:49+00:00,2018-05-11T12:01:18+00:00,2025-11-27T11:08:37+00:00,1109.17,622.50
new_uninit,3,1,2,2021-04-30T23:23:30+00:00,2025-01-07T16:12:12+00:00,2024-12-09T07:11:01+00:00,2025-09-25T23:20:59+00:00,862.00,978.00
nightly,2,0,2,2017-10-22T22:46:17+00:00,2017-10-22T22:57:00+00:00,2019-05-06T16:57:57+00:00,2019-05-06T17:25:47+00:00,560.00,560.00
nll,7,1,6,2018-01-12T07:53:06+00:00,2021-04-30T23:23:30+00:00,2018-02-17T07:11:16+00:00,2025-09-25T23:20:59+00:00,363.14,2.00
no_core,4,4,0,2015-09-17T06:54:56+00:00,2020-06-04T17:34:08+00:00,2025-11-12T13:37:02+00:00,2025-11-29T20:59:42+00:00,2626.25,2396.50
no_coverage,2,0,2,2021-12-18T08:56:22+00:00,2022-11-13T07:51:50+00:00,2022-04-08T12:24:10+00:00,2023-09-18T19:32:08+00:00,210.00,210.00
no_sanitize,1,1,0,2022-12-15T10:20:19+00:00,2022-12-15T10:20:19+00:00,2025-11-27T11:08:37+00:00,2025-11-27T11:08:37+00:00,1078.00,1078.00
no_std,9,0,9,2015-02-09T01:45:33+00:00,2019-06-25T12:41:58+00:00,2015-12-26T07:56:12+00:00,2019-06-25T16:37:47+00:00,413.17,410.50
non_ascii_idents,1,0,1,2017-01-10T09:20:01+00:00,2017-01-10T09:20:01+00:00,2021-04-20T02:55:12+00:00,2021-04-20T02:55:12+00:00,1560.00,1560.00
non_exhaustive,3,1,2,2018-09-09T10:47:54+00:00,2019-06-11T14:57:17+00:00,2020-05-17T14:30:58+00:00,2025-11-28T16:32:05+00:00,1489.00,1489.00
non_exhaustive_omitted_patterns_lint,2,0,2,2022-03-28T17:02:09+00:00,2022-03-28T17:21:37+00:00,,,,
nonnull_slice_from_raw_parts,2,2,0,2021-01-28T18:13:15+00:00,2021-04-30T23:23:30+00:00,2021-01-28T18:13:15+00:00,2025-09-25T23:20:59+00:00,804.00,804.00
nonzero,2,0,2,2015-07-14T19:00:46+00:00,2017-07-08T20:57:02+00:00,2021-01-28T18:13:15+00:00,2021-01-28T18:13:15+00:00,1299.00,1299.00
nonzero_internals,1,0,1,2024-12-02T10:27:01+00:00,2024-12-02T10:27:01+00:00,2025-01-31T09:17:44+00:00,2025-01-31T09:17:44+00:00,59.00,59.00
nothreads,1,0,1,2018-12-17T03:59:56+00:00,2018-12-17T03:59:56+00:00,2022-01-14T08:07:28+00:00,2022-01-14T08:07:28+00:00,1124.00,1124.00
old_impl_check,2,0,2,2015-01-08T17:14:54+00:00,2015-01-10T02:17:24+00:00,2015-01-09T02:27:27+00:00,2015-01-30T21:48:57+00:00,10.00,10.00
old_io,11,0,11,2015-02-20T20:21:56+00:00,2015-03-22T22:56:08+00:00,2015-03-24T15:53:58+00:00,2015-05-01T15:49:13+00:00,46.00,42.00
old_orphan_check,20,0,20,2015-01-03T15:34:59+00:00,2015-01-05T19:17:01+00:00,2015-01-04T18:30:12+00:00,2015-01-24T17:58:01+00:00,4.79,4.00
old_path,8,0,8,2015-02-20T20:21:56+00:00,2015-03-10T22:56:12+00:00,2015-02-24T07:37:42+00:00,2015-03-26T18:58:20+00:00,13.80,4.00
on_unimplemented,1,0,1,2018-03-25T13:59:47+00:00,2018-03-25T13:59:47+00:00,2018-06-27T19:49:12+00:00,2018-06-27T19:49:12+00:00,94.00,94.00
once_cell,2,0,2,2021-09-13T07:11:05+00:00,2022-10-25T05:18:57+00:00,2021-09-13T07:11:07+00:00,2021-09-13T07:11:07+00:00,0.00,0.00
once_cell_get_mut,1,1,0,2024-09-11T01:40:31+00:00,2024-09-11T01:40:31+00:00,2025-01-13T11:17:01+00:00,2025-01-13T11:17:01+00:00,124.00,124.00
once_cell_try,1,0,1,2024-01-24T12:25:04+00:00,2024-01-24T12:25:04+00:00,2025-11-07T15:04:38+00:00,2025-11-07T15:04:38+00:00,653.00,653.00
op_assign_traits,2,0,2,2015-12-14T07:03:05+00:00,2016-01-13T21:01:47+00:00,2016-04-20T17:28:41+00:00,2016-04-20T17:28:41+00:00,97.00,97.00
optimize_attribute,1,1,0,2025-04-28T21:37:04+00:00,2025-04-28T21:37:04+00:00,2025-09-26T18:35:42+00:00,2025-09-26T18:35:42+00:00,150.00,150.00
optin_builtin_traits,8,1,7,2015-01-11T03:21:05+00:00,2019-10-27T15:58:11+00:00,2015-09-22T18:49:32+00:00,2020-12-08T21:11:32+00:00,173.67,88.00
option_flattening,3,1,2,2020-09-18T03:10:02+00:00,2025-02-07T18:18:34+00:00,2024-12-17T21:45:02+00:00,2025-11-27T12:08:11+00:00,632.00,292.00
option_get_or_insert_default,1,0,1,2022-07-27T07:53:45+00:00,2022-07-27T07:53:45+00:00,2024-12-09T07:11:01+00:00,2024-12-09T07:11:01+00:00,865.00,865.00
option_result_contains,4,1,3,2019-10-08T16:05:00+00:00,2025-02-07T18:18:34+00:00,2019-10-08T16:12:59+00:00,2025-11-27T12:08:11+00:00,474.00,146.00
option_result_unwrap_unchecked,1,1,0,2021-04-30T23:23:30+00:00,2021-04-30T23:23:30+00:00,2025-09-25T23:20:59+00:00,2025-09-25T23:20:59+00:00,1608.00,1608.00
or_patterns,2,1,1,2021-02-22T15:33:11+00:00,2021-04-30T23:23:30+00:00,2021-05-06T05:56:54+00:00,2025-09-25T23:20:59+00:00,840.00,840.00
os,17,0,17,2015-01-29T16:19:16+00:00,2015-02-27T23:04:53+00:00,2015-02-05T13:56:06+00:00,2015-07-05T07:48:59+00:00,48.75,32.00
overlapping_marker_traits,1,0,1,2019-09-22T15:49:42+00:00,2019-09-22T15:49:42+00:00,2025-06-18T13:24:29+00:00,2025-06-18T13:24:29+00:00,2095.00,2095.00
overloaded_calls,3,0,3,2014-07-18T13:56:17+00:00,2014-08-14T21:02:09+00:00,,,,
page_size,1,0,1,2015-04-04T22:16:33+00:00,2015-04-04T22:16:33+00:00,2015-04-11T21:07:07+00:00,2015-04-11T21:07:07+00:00,6.00,6.00
panic_can_unwind,1,0,1,2022-12-13T11:59:03+00:00,2022-12-13T11:59:03+00:00,2022-12-16T08:50:07+00:00,2022-12-16T08:50:07+00:00,2.00,2.00
panic_handler,1,0,1,2015-12-27T15:36:50+00:00,2015-12-27T15:36:50+00:00,2017-08-12T07:18:20+00:00,2017-08-12T07:18:20+00:00,593.00,593.00
panic_implementation,2,0,2,2018-06-04T17:11:42+00:00,2018-07-24T15:49:40+00:00,2018-11-20T18:31:57+00:00,2018-11-20T18:31:57+00:00,119.00,119.00
panic_info_message,5,2,3,2019-06-07T21:38:49+00:00,2025-02-07T18:18:34+00:00,2019-09-04T23:00:11+00:00,2025-11-29T17:26:15+00:00,934.20,1271.00
panic_propagate,2,0,2,2016-01-12T06:36:58+00:00,2016-02-17T15:31:51+00:00,2016-04-15T14:35:04+00:00,2016-04-15T14:35:04+00:00,57.00,57.00
panic_runtime,1,1,0,2019-09-16T18:46:46+00:00,2019-09-16T18:46:46+00:00,2025-11-29T20:59:42+00:00,2025-11-29T20:59:42+00:00,2266.00,2266.00
panic_unwind,1,1,0,2019-09-16T18:46:46+00:00,2019-09-16T18:46:46+00:00,2025-11-29T20:59:42+00:00,2025-11-29T20:59:42+00:00,2266.00,2266.00
path,30,0,30,2015-01-29T14:03:56+00:00,2015-03-10T22:56:12+00:00,2015-02-21T19:04:30+00:00,2015-07-05T07:48:59+00:00,50.83,47.50
path_components_peek,2,0,2,2015-03-15T00:24:31+00:00,2015-03-15T00:24:31+00:00,2015-03-15T06:59:59+00:00,2015-03-15T06:59:59+00:00,0.00,0.00
path_ext,3,0,3,2015-03-08T20:35:21+00:00,2015-04-16T00:19:39+00:00,2015-04-02T23:28:53+00:00,2016-02-06T11:41:51+00:00,122.67,34.00
path_relative_from,1,0,1,2015-09-13T13:53:48+00:00,2015-09-13T13:53:48+00:00,2016-02-24T19:46:12+00:00,2016-02-24T19:46:12+00:00,164.00,164.00
pattern,6,3,3,2016-02-15T20:42:04+00:00,2025-08-05T21:34:55+00:00,2023-05-22T17:12:07+00:00,2025-10-18T19:07:22+00:00,1054.00,132.00
phase,27,0,27,2014-04-14T01:46:58+00:00,2015-01-05T16:05:53+00:00,2015-01-07T16:09:33+00:00,2015-07-23T01:21:29+00:00,142.89,149.00
pin,2,0,2,2018-03-25T12:03:53+00:00,2018-08-27T19:24:51+00:00,,,,
placement_in_syntax,1,0,1,2017-07-22T18:55:09+00:00,2017-07-22T18:55:09+00:00,,,,
placement_new_protocol,1,0,1,2017-07-08T20:57:02+00:00,2017-07-08T20:57:02+00:00,2021-01-28T18:13:15+00:00,2021-01-28T18:13:15+00:00,1299.00,1299.00
platform_intrinsics,3,1,2,2016-11-04T09:58:59+00:00,2020-05-08T16:29:26+00:00,2020-05-12T23:35:49+00:00,2025-11-26T08:01:52+00:00,1595.00,1595.00
plugin,69,8,61,2015-01-07T17:30:11+00:00,2022-02-15T02:16:43+00:00,2015-02-01T20:14:27+00:00,2023-01-21T21:37:22+00:00,472.34,273.50
plugin_registrar,20,3,17,2014-06-28T04:43:23+00:00,2016-04-29T04:03:19+00:00,2016-09-28T18:59:25+00:00,2023-01-21T21:37:22+00:00,940.67,911.00
portable_simd,6,6,0,2021-12-16T06:16:38+00:00,2024-04-09T19:10:48+00:00,2023-10-09T17:49:31+00:00,2025-11-27T11:08:37+00:00,819.83,1066.00
prelude_import,4,1,3,2017-05-12T22:30:50+00:00,2022-06-18T21:53:42+00:00,2017-05-13T00:11:14+00:00,2025-11-20T18:02:42+00:00,312.50,0.00
proc_macro,29,2,27,2016-10-09T14:49:00+00:00,2022-06-18T21:53:42+00:00,2016-10-25T19:26:01+00:00,2025-11-28T02:34:42+00:00,331.57,146.00
proc_macro_def_site,2,1,1,2019-01-28T21:34:27+00:00,2019-08-29T00:57:48+00:00,2020-04-19T14:17:00+00:00,2025-11-20T18:02:42+00:00,1360.50,1360.50
proc_macro_diagnostic,8,6,2,2018-07-18T19:58:24+00:00,2024-12-13T14:14:54+00:00,2018-11-18T10:45:04+00:00,2025-11-27T15:59:59+00:00,1476.12,1883.50
proc_macro_hygiene,16,2,14,2018-10-07T11:05:41+00:00,2025-09-18T13:35:38+00:00,2018-12-12T01:54:36+00:00,2025-09-18T18:23:10+00:00,384.31,137.50
proc_macro_lib,3,0,3,2016-10-11T12:57:49+00:00,2017-05-21T11:50:38+00:00,2017-01-08T17:44:33+00:00,2018-04-22T15:08:31+00:00,195.67,89.00
proc_macro_non_items,3,0,3,2018-04-30T03:35:00+00:00,2018-06-03T17:02:29+00:00,2018-10-07T11:05:41+00:00,2018-10-07T11:05:41+00:00,125.00,125.00
proc_macro_quote,1,0,1,2018-10-27T18:49:52+00:00,2018-10-27T18:49:52+00:00,2018-11-18T07:38:39+00:00,2018-11-18T07:38:39+00:00,21.00,21.00
proc_macro_raw_ident,2,0,2,2018-11-14T00:30:59+00:00,2019-01-28T21:34:27+00:00,2018-11-18T07:38:39+00:00,2018-11-18T07:38:39+00:00,4.00,4.00
proc_macro_span,6,2,4,2018-07-18T19:58:24+00:00,2024-03-10T13:22:23+00:00,2021-12-09T14:20:18+00:00,2025-11-20T18:02:42+00:00,950.17,723.00
proc_macros,1,0,1,2018-01-12T07:53:06+00:00,2018-01-12T07:53:06+00:00,2018-09-16T11:25:41+00:00,2018-09-16T11:25:41+00:00,247.00,247.00
process,3,0,3,2015-02-20T03:30:19+00:00,2015-02-27T23:34:13+00:00,2015-03-03T19:29:21+00:00,2015-03-10T18:49:58+00:00,12.00,12.00
provide_any,6,0,6,2022-09-06T01:32:49+00:00,2023-05-22T14:02:03+00:00,2022-09-13T18:31:51+00:00,2023-11-28T15:26:15+00:00,171.75,143.00
ptr_alignment_type,1,1,0,2024-10-08T15:21:59+00:00,2024-10-08T15:21:59+00:00,2025-11-27T11:08:37+00:00,2025-11-27T11:08:37+00:00,414.00,414.00
ptr_internals,1,1,0,2021-04-30T23:23:30+00:00,2021-04-30T23:23:30+00:00,2025-09-25T23:20:59+00:00,2025-09-25T23:20:59+00:00,1608.00,1608.00
ptr_metadata,3,3,0,2021-05-06T14:22:38+00:00,2024-04-01T22:16:58+00:00,2021-07-20T14:08:54+00:00,2025-11-28T16:32:05+00:00,614.67,605.00
question_mark,2,0,2,2016-09-11T05:25:53+00:00,2016-11-15T16:21:40+00:00,2016-11-17T14:04:23+00:00,2017-08-01T01:59:08+00:00,162.00,162.00
quote,8,2,6,2014-05-15T16:33:42+00:00,2016-08-01T17:43:10+00:00,2016-07-10T21:02:24+00:00,2023-01-21T21:37:22+00:00,972.83,758.50
rand,9,0,9,2015-01-29T16:38:51+00:00,2017-11-24T22:55:40+00:00,2015-02-07T13:17:19+00:00,2018-10-19T16:33:57+00:00,208.00,26.00
range_contains,1,0,1,2018-01-21T08:47:37+00:00,2018-01-21T08:47:37+00:00,2019-01-17T14:17:16+00:00,2019-01-17T14:17:16+00:00,361.00,361.00
raw_ext,1,0,1,2015-05-26T15:29:12+00:00,2015-05-26T15:29:12+00:00,2015-06-13T17:16:27+00:00,2015-06-13T17:16:27+00:00,18.00,18.00
raw_identifiers,1,0,1,2018-08-23T01:09:37+00:00,2018-08-23T01:09:37+00:00,2018-08-24T23:49:13+00:00,2018-08-24T23:49:13+00:00,1.00,1.00
raw_vec_internals,1,1,0,2021-04-30T23:23:30+00:00,2021-04-30T23:23:30+00:00,2025-09-25T23:20:59+00:00,2025-09-25T23:20:59+00:00,1608.00,1608.00
read_buf,3,1,2,2021-12-18T11:29:23+00:00,2023-04-23T21:33:10+00:00,2023-04-23T22:05:53+00:00,2025-11-27T11:08:37+00:00,877.00,1300.00
read_exact,1,0,1,2015-09-13T14:15:38+00:00,2015-09-13T14:15:38+00:00,2015-09-19T18:54:25+00:00,2015-09-19T18:54:25+00:00,6.00,6.00
read_initializer,1,0,1,2019-09-03T17:14:27+00:00,2019-09-03T17:14:27+00:00,2021-12-18T14:09:48+00:00,2021-12-18T14:09:48+00:00,836.00,836.00
ready_macro,1,0,1,2020-10-20T13:32:21+00:00,2020-10-20T13:32:21+00:00,2020-10-20T14:06:12+00:00,2020-10-20T14:06:12+00:00,0.00,0.00
receiver_trait,1,1,0,2021-04-30T23:23:30+00:00,2021-04-30T23:23:30+00:00,2025-09-25T23:20:59+00:00,2025-09-25T23:20:59+00:00,1608.00,1608.00
recover,3,0,3,2016-01-12T06:36:58+00:00,2016-03-30T16:02:27+00:00,2016-04-01T23:25:22+00:00,2016-04-15T14:35:04+00:00,29.50,29.50
reflect_marker,1,0,1,2016-05-03T15:26:43+00:00,2016-05-03T15:26:43+00:00,2017-01-23T09:45:54+00:00,2017-01-23T09:45:54+00:00,264.00,264.00
register_attr,1,0,1,2020-12-01T22:41:57+00:00,2020-12-01T22:41:57+00:00,,,,
repr_align,1,0,1,2017-07-31T06:37:37+00:00,2017-07-31T06:37:37+00:00,2017-11-24T19:04:56+00:00,2017-11-24T19:04:56+00:00,116.00,116.00
repr_packed,1,0,1,2018-11-21T23:27:56+00:00,2018-11-21T23:27:56+00:00,2018-11-21T23:27:56+00:00,2018-11-21T23:27:56+00:00,0.00,0.00
repr_simd,6,3,3,2015-09-04T19:30:42+00:00,2021-04-30T23:23:30+00:00,2015-09-22T18:49:32+00:00,2025-11-26T08:01:52+00:00,1230.00,1090.00
requires,2,0,2,2017-10-22T22:46:17+00:00,2017-10-22T22:57:00+00:00,2019-05-06T16:57:57+00:00,2019-05-06T17:25:47+00:00,560.00,560.00
restricted_std,1,0,1,2023-04-14T17:25:09+00:00,2023-04-14T17:25:09+00:00,2023-04-15T04:24:07+00:00,2023-04-15T04:24:07+00:00,0.00,0.00
result_contains_err,1,0,1,2021-05-06T13:59:16+00:00,2021-05-06T13:59:16+00:00,2021-05-25T13:51:38+00:00,2021-05-25T13:51:38+00:00,18.00,18.00
result_expect,1,0,1,2015-07-08T16:59:55+00:00,2015-07-08T16:59:55+00:00,2015-12-11T23:12:11+00:00,2015-12-11T23:12:11+00:00,156.00,156.00
result_flattening,2,1,1,2021-03-16T13:17:42+00:00,2022-09-19T06:54:16+00:00,2021-03-16T16:06:36+00:00,2025-11-27T11:08:37+00:00,582.50,582.50
result_option_inspect,1,0,1,2022-07-30T06:46:18+00:00,2022-07-30T06:46:18+00:00,2024-01-23T14:19:13+00:00,2024-01-23T14:19:13+00:00,542.00,542.00
return_position_impl_trait_in_trait,2,0,2,2023-05-09T01:12:52+00:00,2023-06-18T12:34:27+00:00,2023-11-10T08:27:00+00:00,2024-03-02T17:24:39+00:00,221.50,221.50
rust_,1,0,1,2018-07-31T14:28:07+00:00,2018-07-31T14:28:07+00:00,2018-09-18T21:05:04+00:00,2018-09-18T21:05:04+00:00,49.00,49.00
rust_2018_preview,1,0,1,2018-05-11T14:35:44+00:00,2018-05-11T14:35:44+00:00,2019-03-26T20:56:14+00:00,2019-03-26T20:56:14+00:00,319.00,319.00
rustc_allow_const_fn_unstable,1,1,0,2021-04-30T23:23:30+00:00,2021-04-30T23:23:30+00:00,2025-09-25T23:20:59+00:00,2025-09-25T23:20:59+00:00,1608.00,1608.00
rustc_attrs,7,4,3,2016-09-02T04:28:40+00:00,2024-11-13T09:01:22+00:00,2023-09-29T07:07:56+00:00,2025-11-30T02:58:56+00:00,903.40,435.00
rustc_macro,11,0,11,2016-08-29T05:21:25+00:00,2016-10-03T16:11:38+00:00,,,,
rustc_macro_lib,9,0,9,2016-09-01T17:29:24+00:00,2016-10-03T16:11:38+00:00,,,,
rustc_private,28,6,22,2015-01-30T21:22:02+00:00,2022-01-11T19:25:38+00:00,2015-04-06T06:16:13+00:00,2025-11-29T16:36:13+00:00,1043.61,911.00
rustdoc_internals,2,1,1,2024-08-12T18:54:33+00:00,2025-06-06T09:57:32+00:00,2025-11-20T18:19:51+00:00,2025-11-20T18:19:51+00:00,167.00,167.00
scoped,1,0,1,2015-05-01T14:33:42+00:00,2015-05-01T14:33:42+00:00,2016-01-27T22:10:47+00:00,2016-01-27T22:10:47+00:00,271.00,271.00
set_ptr_value,1,1,0,2021-04-30T23:23:30+00:00,2021-04-30T23:23:30+00:00,2025-09-25T23:20:59+00:00,2025-09-25T23:20:59+00:00,1608.00,1608.00
sgx_platform,1,1,0,2019-01-10T10:00:10+00:00,2019-01-10T10:00:10+00:00,2025-09-26T18:35:42+00:00,2025-09-26T18:35:42+00:00,2451.00,2451.00
shared,2,0,2,2016-03-05T01:01:03+00:00,2016-12-12T02:21:13+00:00,2017-05-25T15:06:06+00:00,2017-05-25T15:06:06+00:00,446.00,446.00
shrink_to,1,1,0,2021-04-30T23:23:30+00:00,2021-04-30T23:23:30+00:00,2025-09-25T23:20:59+00:00,2025-09-25T23:20:59+00:00,1608.00,1608.00
simd,1,0,1,2016-11-04T09:58:59+00:00,2016-11-04T09:58:59+00:00,,,,
simd_ffi,3,0,3,2016-11-04T09:58:59+00:00,2020-05-08T16:29:26+00:00,2020-05-12T23:35:49+00:00,2020-05-12T23:35:49+00:00,4.00,4.00
sip_hash_13,1,0,1,2016-09-15T13:05:18+00:00,2016-09-15T13:05:18+00:00,2016-09-16T15:29:08+00:00,2016-09-16T15:29:08+00:00,1.00,1.00
slice_as_array,1,1,0,2025-06-09T06:19:17+00:00,2025-06-09T06:19:17+00:00,2025-11-27T11:08:37+00:00,2025-11-27T11:08:37+00:00,171.00,171.00
slice_as_chunks,1,1,0,2024-10-07T12:09:11+00:00,2024-10-07T12:09:11+00:00,2024-10-19T04:24:19+00:00,2024-10-19T04:24:19+00:00,11.00,11.00
slice_bytes,1,0,1,2015-10-13T11:10:07+00:00,2015-10-13T11:10:07+00:00,2015-10-13T11:56:17+00:00,2015-10-13T11:56:17+00:00,0.00,0.00
slice_group_by,2,1,1,2021-04-30T23:23:30+00:00,2022-04-02T22:42:02+00:00,2024-03-02T13:25:34+00:00,2025-09-25T23:20:59+00:00,1153.50,1153.50
slice_internals,1,1,0,2022-04-05T15:34:10+00:00,2022-04-05T15:34:10+00:00,2025-11-27T11:08:37+00:00,2025-11-27T11:08:37+00:00,1331.00,1331.00
slice_partition_at_index,1,0,1,2020-08-27T16:21:07+00:00,2020-08-27T16:21:07+00:00,2022-02-07T03:19:58+00:00,2022-02-07T03:19:58+00:00,528.00,528.00
slice_partition_dedup,1,1,0,2021-04-30T23:23:30+00:00,2021-04-30T23:23:30+00:00,2025-09-25T23:20:59+00:00,2025-09-25T23:20:59+00:00,1608.00,1608.00
slice_pattern,1,1,0,2025-04-19T14:34:54+00:00,2025-04-19T14:34:54+00:00,2025-04-19T17:54:58+00:00,2025-04-19T17:54:58+00:00,0.00,0.00
slice_patterns,6,0,6,2015-03-29T07:01:22+00:00,2017-02-28T19:14:37+00:00,2015-04-03T10:56:40+00:00,2017-03-07T14:15:05+00:00,62.33,16.50
slice_ptr_get,3,3,0,2021-01-28T18:13:15+00:00,2025-03-01T17:09:31+00:00,2021-01-28T18:13:15+00:00,2025-11-27T11:08:37+00:00,626.00,270.00
slice_ptr_len,3,2,1,2021-01-28T18:13:15+00:00,2022-05-11T08:29:38+00:00,2021-01-28T18:13:15+00:00,2025-09-25T23:20:59+00:00,777.67,725.00
slice_range,1,1,0,2021-04-30T23:23:30+00:00,2021-04-30T23:23:30+00:00,2025-09-25T23:20:59+00:00,2025-09-25T23:20:59+00:00,1608.00,1608.00
slice_swap_unchecked,1,1,0,2023-06-08T01:59:40+00:00,2023-06-08T01:59:40+00:00,2025-11-27T11:08:37+00:00,2025-11-27T11:08:37+00:00,903.00,903.00
slice_take,1,0,1,2024-07-26T02:00:28+00:00,2024-07-26T02:00:28+00:00,2025-04-10T23:25:25+00:00,2025-04-10T23:25:25+00:00,258.00,258.00
slicing_syntax,21,0,21,2014-10-07T21:51:05+00:00,2015-01-31T20:15:44+00:00,2014-12-11T05:06:34+00:00,2015-05-23T18:02:27+00:00,42.21,27.50
socket_timeout,1,0,1,2015-07-27T16:57:59+00:00,2015-07-27T16:57:59+00:00,2015-09-16T21:30:12+00:00,2015-09-16T21:30:12+00:00,51.00,51.00
specialization,21,6,15,2016-04-06T19:48:42+00:00,2025-02-07T18:18:34+00:00,2017-04-05T23:30:46+00:00,2025-11-27T12:08:11+00:00,916.93,485.00
split_ascii_whitespace,1,0,1,2018-12-30T02:57:27+00:00,2018-12-30T02:57:27+00:00,2019-02-05T03:50:19+00:00,2019-02-05T03:50:19+00:00,37.00,37.00
staged_api,9,4,5,2015-01-22T21:47:56+00:00,2021-04-30T23:23:30+00:00,2017-09-10T12:06:38+00:00,2025-11-29T20:59:42+00:00,2214.14,2532.00
start,5,2,3,2017-01-24T00:03:06+00:00,2023-10-31T21:53:51+00:00,2019-09-03T20:53:59+00:00,2025-10-30T23:14:54+00:00,1413.33,2042.00
static_condvar,1,0,1,2015-05-16T18:03:00+00:00,2015-05-16T18:03:00+00:00,2016-01-19T16:31:47+00:00,2016-01-19T16:31:47+00:00,247.00,247.00
static_mutex,2,0,2,2015-07-16T20:42:00+00:00,2015-08-27T08:34:57+00:00,2015-07-16T21:39:40+00:00,2015-11-07T19:25:31+00:00,36.00,36.00
static_nobundle,1,0,1,2019-05-04T15:01:03+00:00,2019-05-04T15:01:03+00:00,,,,
std_misc,47,0,47,2015-01-12T02:17:29+00:00,2015-04-03T03:04:38+00:00,2015-02-21T22:33:27+00:00,2019-09-22T15:19:40+00:00,182.21,56.50
std_panic,1,0,1,2016-02-17T15:31:51+00:00,2016-02-17T15:31:51+00:00,2016-04-15T14:35:04+00:00,2016-04-15T14:35:04+00:00,57.00,57.00
stdarch_arm_neon_intrinsics,1,1,0,2023-11-10T05:37:48+00:00,2023-11-10T05:37:48+00:00,2025-11-21T02:04:40+00:00,2025-11-21T02:04:40+00:00,741.00,741.00
stdin_forwarders,1,0,1,2022-02-22T08:57:47+00:00,2022-02-22T08:57:47+00:00,2022-05-20T00:56:09+00:00,2022-05-20T00:56:09+00:00,86.00,86.00
stdsimd,10,0,10,2018-04-04T00:58:23+00:00,2023-09-25T22:25:34+00:00,2019-10-23T21:20:38+00:00,2024-01-15T08:07:24+00:00,588.29,572.00
step_by,4,0,4,2015-03-25T22:18:13+00:00,2015-04-02T15:19:08+00:00,2015-04-02T20:58:41+00:00,2017-07-06T06:10:53+00:00,219.50,23.00
step_trait,1,0,1,2016-05-03T15:26:43+00:00,2016-05-03T15:26:43+00:00,2016-05-10T00:23:41+00:00,2016-05-10T00:23:41+00:00,6.00,6.00
stmt_expr_attributes,4,2,2,2016-04-29T04:03:19+00:00,2025-09-18T13:35:38+00:00,2018-04-29T21:09:43+00:00,2025-11-27T11:08:37+00:00,375.25,385.50
str_char,2,0,2,2015-04-14T22:38:52+00:00,2015-08-16T13:36:18+00:00,2015-04-15T23:57:09+00:00,2015-04-15T23:57:09+00:00,1.00,1.00
str_escape,1,0,1,2017-08-28T13:55:58+00:00,2017-08-28T13:55:58+00:00,2017-12-10T06:56:26+00:00,2017-12-10T06:56:26+00:00,103.00,103.00
str_internals,2,2,0,2021-04-30T23:23:30+00:00,2024-01-22T03:11:14+00:00,2025-09-25T23:20:59+00:00,2025-11-27T11:08:37+00:00,1141.50,1141.50
str_split_at,1,0,1,2015-09-13T13:53:48+00:00,2015-09-13T13:53:48+00:00,2015-09-19T07:12:12+00:00,2015-09-19T07:12:12+00:00,5.00,5.00
str_split_once,1,1,0,2020-09-28T12:43:44+00:00,2020-09-28T12:43:44+00:00,2021-03-16T08:00:09+00:00,2021-03-16T08:00:09+00:00,168.00,168.00
str_words,3,0,3,2015-02-20T22:06:38+00:00,2015-03-15T19:09:51+00:00,2015-04-02T23:28:53+00:00,2015-05-01T15:49:13+00:00,41.33,37.00
strict_provenance,2,0,2,2023-03-05T07:32:38+00:00,2024-02-18T09:05:17+00:00,2023-03-05T11:43:45+00:00,2025-09-24T18:51:29+00:00,292.00,292.00
strict_provenance_atomic_ptr,1,1,0,2022-07-23T07:09:16+00:00,2022-07-23T07:09:16+00:00,2025-04-08T22:03:50+00:00,2025-04-08T22:03:50+00:00,990.00,990.00
strict_provenance_lints,1,1,0,2025-01-10T08:01:30+00:00,2025-01-10T08:01:30+00:00,2025-11-27T15:59:59+00:00,2025-11-27T15:59:59+00:00,321.00,321.00
string_drain_as_str,1,1,0,2021-04-30T23:23:30+00:00,2021-04-30T23:23:30+00:00,2025-09-25T23:20:59+00:00,2025-09-25T23:20:59+00:00,1608.00,1608.00
string_remove_matches,1,1,0,2021-04-30T23:23:30+00:00,2021-04-30T23:23:30+00:00,2025-09-25T23:20:59+00:00,2025-09-25T23:20:59+00:00,1608.00,1608.00
string_retain,1,0,1,2018-02-08T15:36:57+00:00,2018-02-08T15:36:57+00:00,2020-04-06T03:41:10+00:00,2020-04-06T03:41:10+00:00,787.00,787.00
struct_variant,3,0,3,2014-08-31T23:01:24+00:00,2014-09-24T09:14:28+00:00,2014-11-23T19:31:38+00:00,2015-01-18T23:39:51+00:00,113.33,140.00
suite,2,0,2,2017-10-22T22:46:17+00:00,2017-10-22T22:57:00+00:00,2019-05-06T16:57:57+00:00,2019-05-06T17:25:47+00:00,560.00,560.00
sync_unsafe_cell,1,1,0,2022-07-19T09:10:02+00:00,2022-07-19T09:10:02+00:00,2025-11-27T11:08:37+00:00,2025-11-27T11:08:37+00:00,1227.00,1227.00
target_feature,1,0,1,2018-02-12T15:44:30+00:00,2018-02-12T15:44:30+00:00,,,,
tempdir,1,0,1,2015-02-27T23:34:13+00:00,2015-02-27T23:34:13+00:00,,,,
termination_trait,1,0,1,2018-02-17T07:25:42+00:00,2018-02-17T07:25:42+00:00,2018-02-17T07:25:42+00:00,2018-02-17T07:25:42+00:00,0.00,0.00
test,155,83,72,2015-01-29T14:03:56+00:00,2025-02-14T08:31:45+00:00,2015-06-24T22:25:44+00:00,2025-11-30T02:58:56+00:00,1812.85,1641.00
test_2018_feature,1,0,1,2021-03-24T17:14:53+00:00,2021-03-24T17:14:53+00:00,,,,
thread_id_value,2,2,0,2021-11-25T13:19:58+00:00,2022-11-21T11:53:20+00:00,2025-10-15T11:12:02+00:00,2025-11-27T11:08:37+00:00,1260.00,1260.00
thread_local,7,3,4,2016-07-26T20:23:02+00:00,2025-11-22T08:35:21+00:00,2020-08-22T19:53:18+00:00,2025-11-28T03:57:59+00:00,816.33,794.00
time2,3,0,3,2015-12-02T18:37:44+00:00,2016-02-09T00:52:55+00:00,2016-03-09T16:09:26+00:00,2016-04-12T20:44:08+00:00,87.00,97.00
time_checked_add,1,0,1,2018-12-15T13:45:46+00:00,2018-12-15T13:45:46+00:00,2019-03-04T21:45:05+00:00,2019-03-04T21:45:05+00:00,79.00,79.00
tool_lints,4,0,4,2018-09-03T21:31:46+00:00,2018-10-06T13:02:43+00:00,2018-10-13T10:01:40+00:00,2019-06-09T19:46:22+00:00,102.75,65.50
toowned_clone_into,1,1,0,2021-04-30T23:23:30+00:00,2021-04-30T23:23:30+00:00,2025-09-25T23:20:59+00:00,2025-09-25T23:20:59+00:00,1608.00,1608.00
trace_macros,10,2,8,2015-08-04T07:07:55+00:00,2020-04-29T06:02:21+00:00,2016-03-06T09:29:28+00:00,2025-10-11T11:10:24+00:00,992.70,131.00
trace_marcos,1,0,1,2018-04-13T12:52:19+00:00,2018-04-13T12:52:19+00:00,,,,
track_caller,1,0,1,2020-09-03T13:45:42+00:00,2020-09-03T13:45:42+00:00,2020-09-08T11:45:58+00:00,2020-09-08T11:45:58+00:00,4.00,4.00
track_path,1,1,0,2025-11-07T16:52:31+00:00,2025-11-07T16:52:31+00:00,2025-11-29T20:59:42+00:00,2025-11-29T20:59:42+00:00,22.00,22.00
trait_alias,6,2,4,2019-02-14T19:21:39+00:00,2024-04-13T03:03:21+00:00,2019-02-16T05:13:21+00:00,2025-11-27T11:08:37+00:00,260.00,36.50
trait_upcasting,1,0,1,2023-08-13T15:52:07+00:00,2023-08-13T15:52:07+00:00,2025-04-10T23:25:25+00:00,2025-04-10T23:25:25+00:00,606.00,606.00
trivial_bounds,2,2,0,2019-09-07T03:43:55+00:00,2025-02-18T15:17:09+00:00,2025-11-12T13:37:02+00:00,2025-11-27T11:08:37+00:00,1269.50,1269.50
trusted_len,2,2,0,2021-04-30T23:23:30+00:00,2022-02-10T08:37:29+00:00,2025-09-25T23:20:59+00:00,2025-11-27T11:08:37+00:00,1497.00,1497.00
trusted_random_access,2,1,1,2021-04-26T15:02:33+00:00,2021-04-30T23:23:30+00:00,2021-07-21T09:32:31+00:00,2025-09-25T23:20:59+00:00,846.50,846.50
try_blocks,2,1,1,2019-12-28T02:25:54+00:00,2022-07-16T19:52:01+00:00,2020-07-23T17:18:22+00:00,2025-11-27T11:08:37+00:00,718.50,718.50
try_from,14,3,11,2016-09-12T01:11:24+00:00,2018-12-17T21:35:38+00:00,2017-01-26T02:07:12+00:00,2025-09-22T23:06:56+00:00,453.46,180.00
try_reserve,1,1,0,2021-04-30T23:23:30+00:00,2021-04-30T23:23:30+00:00,2025-09-25T23:20:59+00:00,2025-09-25T23:20:59+00:00,1608.00,1608.00
try_trait,10,2,8,2017-07-14T18:18:25+00:00,2021-04-30T23:23:30+00:00,2017-10-22T16:13:29+00:00,2025-09-25T23:20:59+00:00,351.11,8.00
try_trait_v2,2,2,0,2022-10-02T22:15:44+00:00,2022-10-08T06:23:33+00:00,2025-11-24T17:35:44+00:00,2025-11-27T11:08:37+00:00,1147.00,1147.00
tuple_indexing,2,0,2,2014-09-12T06:53:31+00:00,2014-11-24T22:05:09+00:00,2014-11-24T22:05:09+00:00,2014-12-08T20:12:03+00:00,43.50,43.50
type_alias_impl_trait,7,4,3,2019-08-12T16:43:32+00:00,2024-02-25T12:07:12+00:00,2021-10-12T17:38:02+00:00,2025-11-27T11:08:37+00:00,375.40,89.00
type_ascription,2,1,1,2018-12-17T21:35:38+00:00,2022-09-09T12:08:56+00:00,2019-02-28T08:33:29+00:00,2025-11-27T11:08:37+00:00,623.00,623.00
type_name_of_val,2,0,2,2021-05-01T09:09:10+00:00,2024-01-17T04:19:14+00:00,2024-01-23T14:19:13+00:00,2024-02-13T04:32:49+00:00,511.50,511.50
uefi_std,1,1,0,2025-03-03T12:48:47+00:00,2025-03-03T12:48:47+00:00,2025-11-24T18:27:28+00:00,2025-11-24T18:27:28+00:00,266.00,266.00
unboxed_closure_sugar,2,0,2,2014-08-31T23:01:24+00:00,2014-08-31T23:01:24+00:00,,,,
unboxed_closures,18,3,15,2014-08-31T23:01:24+00:00,2025-04-19T14:34:54+00:00,2014-11-11T23:03:27+00:00,2025-09-25T23:20:59+00:00,228.87,54.00
underscore_const_names,1,0,1,2018-11-14T06:36:06+00:00,2018-11-14T06:36:06+00:00,2019-08-23T18:23:13+00:00,2019-08-23T18:23:13+00:00,282.00,282.00
underscore_lifetimes,1,0,1,2018-02-17T01:45:02+00:00,2018-02-17T01:45:02+00:00,2018-03-27T13:03:03+00:00,2018-03-27T13:03:03+00:00,38.00,38.00
unicode,15,0,15,2015-01-29T16:38:51+00:00,2016-05-03T15:26:43+00:00,2015-04-02T23:05:10+00:00,2018-05-01T09:38:11+00:00,230.50,62.00
unicode_internals,1,1,0,2021-04-30T23:23:30+00:00,2021-04-30T23:23:30+00:00,2025-09-25T23:20:59+00:00,2025-09-25T23:20:59+00:00,1608.00,1608.00
unique,4,0,4,2015-02-27T22:03:08+00:00,2015-05-13T18:14:17+00:00,2015-03-20T15:33:42+00:00,2017-12-23T23:54:08+00:00,278.25,41.50
unmarked_api,2,0,2,2015-03-15T00:24:31+00:00,2015-03-15T00:24:31+00:00,2015-03-15T06:59:59+00:00,2015-03-15T06:59:59+00:00,0.00,0.00
unnamed_feature,1,0,1,2015-01-22T00:16:21+00:00,2015-01-22T00:16:21+00:00,,,,
unreachable,1,0,1,2017-11-13T16:25:28+00:00,2017-11-13T16:25:28+00:00,2018-07-08T20:55:15+00:00,2018-07-08T20:55:15+00:00,237.00,237.00
unrestricted_attribute_tokens,1,0,1,2019-01-27T15:59:25+00:00,2019-01-27T15:59:25+00:00,2019-03-23T13:42:28+00:00,2019-03-23T13:42:28+00:00,54.00,54.00
unsafe_destructor,13,0,13,2014-06-25T15:50:38+00:00,2015-04-05T21:48:41+00:00,2015-03-15T08:33:23+00:00,2015-12-03T15:16:42+00:00,177.00,204.00
unsafe_no_drop_flag,3,0,3,2015-02-13T07:50:53+00:00,2015-05-26T15:05:42+00:00,2015-04-17T20:13:15+00:00,2016-08-25T14:21:57+00:00,228.00,228.00
unsize,2,2,0,2021-04-30T23:23:30+00:00,2021-05-06T14:22:38+00:00,2021-07-20T14:08:54+00:00,2025-09-25T23:20:59+00:00,841.00,841.00
unsized_fn_params,1,1,0,2021-04-30T23:23:30+00:00,2021-04-30T23:23:30+00:00,2025-09-25T23:20:59+00:00,2025-09-25T23:20:59+00:00,1608.00,1608.00
unsized_locals,1,0,1,2020-06-04T10:14:28+00:00,2020-06-04T10:14:28+00:00,,,,
untagged_unions,3,0,3,2016-09-06T09:41:47+00:00,2020-03-26T21:29:42+00:00,2020-03-26T21:29:44+00:00,2021-03-23T18:41:11+00:00,870.67,953.00
unwrap_infallible,1,1,0,2023-05-04T07:10:16+00:00,2023-05-04T07:10:16+00:00,2025-11-27T11:08:37+00:00,2025-11-27T11:08:37+00:00,938.00,938.00
use_extern_macros,6,0,6,2017-05-17T18:44:50+00:00,2018-07-15T21:52:20+00:00,2018-08-20T17:19:00+00:00,2018-11-01T03:04:45+00:00,191.00,202.00
used,2,0,2,2017-04-07T21:05:19+00:00,2017-09-19T14:39:14+00:00,2018-04-24T08:40:23+00:00,2018-11-20T18:31:57+00:00,404.00,404.00
used_with_arg,2,2,0,2023-05-30T19:06:23+00:00,2024-01-14T02:15:36+00:00,2025-11-03T14:46:10+00:00,2025-11-20T18:02:45+00:00,781.50,781.50
utf8_error,1,0,1,2015-04-17T20:13:15+00:00,2015-04-17T20:13:15+00:00,2015-10-26T22:52:18+00:00,2015-10-26T22:52:18+00:00,192.00,192.00
variant_count,1,1,0,2024-01-24T12:25:04+00:00,2024-01-24T12:25:04+00:00,2025-11-27T11:08:37+00:00,2025-11-27T11:08:37+00:00,672.00,672.00
vec_into_raw_parts,3,2,1,2020-06-03T00:46:17+00:00,2023-02-19T05:23:13+00:00,2020-07-02T21:57:49+00:00,2025-11-27T11:08:37+00:00,883.00,1012.00
vec_push_within_capacity,1,1,0,2025-04-19T14:34:54+00:00,2025-04-19T14:34:54+00:00,2025-04-19T17:54:58+00:00,2025-04-19T17:54:58+00:00,0.00,0.00
vec_remove_item,2,1,1,2019-01-24T21:33:31+00:00,2020-06-17T14:48:34+00:00,2020-07-23T17:18:22+00:00,2020-10-01T20:43:23+00:00,325.50,325.50
vec_spare_capacity,1,1,0,2021-04-30T23:23:30+00:00,2021-04-30T23:23:30+00:00,2025-09-25T23:20:59+00:00,2025-09-25T23:20:59+00:00,1608.00,1608.00
vec_split_at_spare,2,2,0,2021-04-30T23:23:30+00:00,2025-04-19T14:34:54+00:00,2025-04-19T17:54:58+00:00,2025-09-25T23:20:59+00:00,804.00,804.00
vecdeque_binary_search,1,1,0,2021-04-30T23:23:30+00:00,2021-04-30T23:23:30+00:00,2025-09-25T23:20:59+00:00,2025-09-25T23:20:59+00:00,1608.00,1608.00
wasi_ext,1,0,1,2021-02-01T19:58:14+00:00,2021-02-01T19:58:14+00:00,,,,
wasip2,2,0,2,2024-09-13T21:48:34+00:00,2024-09-13T21:48:34+00:00,2024-10-28T13:01:15+00:00,2024-10-28T13:01:15+00:00,44.00,44.00
wasm_custom_section,4,0,4,2018-03-29T08:47:44+00:00,2018-07-11T14:07:38+00:00,2018-07-20T05:28:16+00:00,2018-09-16T13:45:47+00:00,49.00,49.00
wasm_import_memory,1,0,1,2018-06-27T06:11:26+00:00,2018-06-27T06:11:26+00:00,2018-06-27T17:47:38+00:00,2018-06-27T17:47:38+00:00,0.00,0.00
wasm_import_module,4,0,4,2018-03-29T08:47:44+00:00,2018-07-11T14:07:38+00:00,2018-08-14T10:52:04+00:00,2018-09-16T13:45:47+00:00,61.50,61.50
weak_into_raw,1,0,1,2020-09-01T22:50:25+00:00,2020-09-01T22:50:25+00:00,2020-09-02T10:08:53+00:00,2020-09-02T10:08:53+00:00,0.00,0.00
windows_process_extensions_raw_attribute,1,1,0,2025-04-16T12:07:36+00:00,2025-04-16T12:07:36+00:00,2025-11-29T10:06:33+00:00,2025-11-29T10:06:33+00:00,226.00,226.00
write_all_vectored,1,1,0,2023-02-06T05:22:16+00:00,2023-02-06T05:22:16+00:00,2025-11-27T11:08:37+00:00,2025-11-27T11:08:37+00:00,1025.00,1025.00
yeet_expr,1,0,1,2023-11-28T22:05:23+00:00,2023-11-28T22:05:23+00:00,2023-12-27T20:16:02+00:00,2023-12-27T20:16:02+00:00,28.00,28.00
zero_one,2,0,2,2015-07-14T19:00:46+00:00,2017-05-31T01:29:59+00:00,2017-12-15T21:57:01+00:00,2017-12-15T21:57:01+00:00,198.00,198.00
